rebalance_date,rebalance_idx,scheme_code,scheme_name,sharpe,sortino,mdd,ann_return,ann_vol,beta,te,ir,forward_return,forward_rank,composite_score,composite_rank,is_in_actual_top
2016-11-15,1,100033,Aditya Birla Sun Life Large & Mid Cap Fund - Regular Growth,0.652346325038945,0.8728153517857596,-0.13999115916896185,0.1518281996928709,0.15609530671732058,0.9909182838602789,0.05369345076303551,0.1154791112635181,0.2250109395511659,4.0,0.4937034956702997,4.0,True
2016-11-15,1,100664,UTI Large & Mid Cap Fund - Regular Plan - Growth Option,-0.01237098906095145,-0.01779697997482793,-0.14687070158441018,0.04827372788302269,0.139541964548826,0.9160157835122692,0.03559440563866697,-0.009070149657324271,0.20526964307717566,7.0,-1.1680293009143519,10.0,True
2016-11-15,1,101824,Tata Large & Mid Cap Fund- Regular Plan - Growth Option,0.230106187043612,0.2974546568100815,-0.16148141859348839,0.08301103491759569,0.14346000575525256,0.9278196416347745,0.04311883669816792,0.043261790312169084,0.1776671339488567,10.0,-0.4086265120033988,7.0,True
2016-11-15,1,102920,CANARA ROBECO LARGE AND MID CAP FUND - REGULAR PLAN - GROWTH OPTION,0.3981683197668575,0.48408426909806435,-0.20277733943506382,0.11515437711495487,0.16363526147209637,0.9535606657219824,0.08323775156209967,0.046736465499493555,0.33457595526561046,1.0,0.3829742527933568,5.0,True
2016-11-15,1,103819,DSP Large & Mid Cap Fund - Regular Plan - Growth,0.7735698026754168,1.08988529979204,-0.15861174827964492,0.178329469051102,0.16589255243323928,1.0707731142122026,0.05042920924459194,0.15605826749717175,0.20001674230601352,8.0,1.0376018679357035,1.0,True
2016-11-15,1,105001,Sundaram Large and Midcap Fund Regular Plan - Growth,0.40352792037795293,0.5495978560658495,-0.12108214676889376,0.10115478439240382,0.12676888465237104,0.8125339757619455,0.04892599052052665,0.061487704684382034,0.21684776258908744,6.0,-0.3224504028028015,6.0,True
2016-11-15,1,108596,Bandhan Large & Mid Cap Fund - Regular Plan - Growth,0.7606965457466458,1.0147654667609973,-0.1468278291026077,0.15978981299439673,0.14432800255012984,0.923864331352476,0.047771528414564,0.14029290443871714,0.22336325229831178,5.0,0.836995744111094,2.0,True
2016-11-15,1,110603,BANK OF INDIA Large & Mid Cap Fund Regular Plan- Growth,0.031571356669692054,0.04158992374889942,-0.14370151459179906,0.05430754426636209,0.13643836441458176,0.8828242292239756,0.04316136360538461,0.0013263741930030573,0.1905632772494512,9.0,-1.083443188833487,9.0,True
2016-11-15,1,118049,L&T Large and Midcap Fund-Regular Plan-Growth,0.19400751325139487,0.2720559754170653,-0.14994292237442916,0.07869749086076276,0.14791948198200272,0.9407985423144957,0.050898651084040146,0.03131065958379969,0.24833388870376538,2.0,-0.5899270923086976,8.0,True
2016-11-15,1,133711,LIC MF Large & Mid Cap Fund-Regular Plan-Growth,0.7515918512647579,1.0380559641995304,-0.14407879277051808,0.16450417146421134,0.1523488729574795,0.8778568013042145,0.08170086610438108,0.08566596014927583,0.24242228874050187,3.0,0.8212011363522808,3.0,True
2016-11-15,1,140172,Edelweiss Large & Mid Cap Fund - Regular Plan - Growth Option,,,,,,,,,,,,,False
2016-11-15,1,145112,Axis Large & Mid Cap Fund - Regular Plan - Growth,,,,,,,,,,,,,False
2016-11-15,1,146771,HSBC Large & Mid Cap Fund - Regular Growth,,,,,,,,,,,,,False
2016-11-15,1,147701,Motilal Oswal Large and Midcap Fund - Regular Plan Growth,,,,,,,,,,,,,False
2016-11-15,1,147843,Mahindra Manulife Large & Mid Cap Fund - Regular Plan - Growth,,,,,,,,,,,,,False
2016-11-15,1,148471,Baroda BNP Paribas Large and Mid Cap Fund-Regular Plan-Growth Option,,,,,,,,,,,,,False
2016-11-15,1,152225,Whiteoak Capital Large & Mid Cap Fund Regular Plan Growth,,,,,,,,,,,,,False
2016-11-15,1,152383,PGIM India Large and Midcap Fund - Regular Plan - Growth Option,,,,,,,,,,,,,False
2016-11-15,1,152406,Bajaj Finserv Large and Mid Cap Fund- Regular Plan- Growth,,,,,,,,,,,,,False
2016-11-15,1,152943,Helios Large & Mid Cap Fund - Regular Plan - Growth Option,,,,,,,,,,,,,False
2016-11-15,1,153533,Samco Large & Mid Cap Fund - Regular Plan - Growth Option,,,,,,,,,,,,,False
2016-11-15,1,153627,JM Large & Mid Cap Fund (Regular) - Growth Option,,,,,,,,,,,,,False
2017-05-17,2,100033,Aditya Birla Sun Life Large & Mid Cap Fund - Regular Growth,1.8010466430554948,2.144523427758745,-0.1527628199817745,0.30469530178059595,0.14141516143552108,1.0864184615615993,0.05504776115519459,0.09495008019451698,0.09950756512642567,2.0,-0.1275486016479701,7.0,True
2017-05-17,2,100664,UTI Large & Mid Cap Fund - Regular Plan - Growth Option,1.5842211782213265,2.1105884784628306,-0.1229319313160691,0.23656146860232016,0.1177622614613579,0.9390150468648978,0.03407131501703966,0.026931545347367764,0.07659475135203286,7.0,-0.5106052139471517,9.0,True
2017-05-17,2,101824,Tata Large & Mid Cap Fund- Regular Plan - Growth Option,1.503937968304117,1.8862956874630323,-0.12429776931575105,0.22644706762141306,0.11732336794474302,0.9161655376542315,0.04149166856739334,0.006697662754263115,0.04507875524031579,11.0,-0.6330225653225544,11.0,True
2017-05-17,2,102920,CANARA ROBECO LARGE AND MID CAP FUND - REGULAR PLAN - GROWTH OPTION,2.37408526831102,2.4694652587111428,-0.1483358444048761,0.3778603167977985,0.1380996382792292,0.9628113518793675,0.0754465325484255,0.13061154142151463,0.06226722532588447,9.0,0.3596875561065123,2.0,True
2017-05-17,2,103819,DSP Large & Mid Cap Fund - Regular Plan - Growth,1.9764513106745822,2.621719433114801,-0.11789197797093755,0.3243116204457827,0.13878997117928377,1.0887640182874716,0.047150470596722,0.137247488644272,0.09025770832918112,4.0,-0.09548128079956866,6.0,True
2017-05-17,2,105001,Sundaram Large and Midcap Fund Regular Plan - Growth,2.1941017314410884,2.8141999155810273,-0.09538124327098592,0.2918211465652176,0.11021419066398046,0.8533166684614096,0.04386220250013388,0.10060027891751866,0.07922296138810792,6.0,-0.038381121930013945,5.0,True
2017-05-17,2,108596,Bandhan Large & Mid Cap Fund - Regular Plan - Growth,2.2249194946364748,2.906745920341829,-0.10846798608716442,0.3200186108504364,0.12136107014269941,0.9451606233535079,0.04295903121384463,0.14422876893770356,0.06980986071191686,8.0,0.10941100469181624,4.0,True
2017-05-17,2,110603,BANK OF INDIA Large & Mid Cap Fund Regular Plan- Growth,1.446355287267355,1.868715210621176,-0.13811246300559024,0.2162149159459172,0.11491983844436485,0.8923384703863492,0.04305605542650278,-0.008575937167025866,0.11336405529953941,1.0,-0.5800577447357653,10.0,True
2017-05-17,2,118049,L&T Large and Midcap Fund-Regular Plan-Growth,1.8481047495304146,2.425900441742599,-0.11407816656435427,0.29579241227974645,0.13299701347675238,1.0037158648171334,0.055813395598189576,0.0835590926848869,0.08824379935491033,5.0,-0.2804318068006072,8.0,True
2017-05-17,2,133711,LIC MF Large & Mid Cap Fund-Regular Plan-Growth,2.221171533714815,2.7556139295899342,-0.11856873634529116,0.34445621938571286,0.1325679781665703,0.9245400187297179,0.07281370036984063,0.10631942181992271,0.05762958130708107,10.0,0.12958037381036647,3.0,True
2017-05-17,2,140172,Edelweiss Large & Mid Cap Fund - Regular Plan - Growth Option,3.4415411012276564,6.197859404082243,-0.0516551633182398,0.3945498978717642,0.10011500305745512,0.9788466647064392,0.023687370018617464,0.0804120625569551,0.09459006002759018,3.0,1.6668494005749372,1.0,True
2017-05-17,2,145112,Axis Large & Mid Cap Fund - Regular Plan - Growth,,,,,,,,,,,,,False
2017-05-17,2,146771,HSBC Large & Mid Cap Fund - Regular Growth,,,,,,,,,,,,,False
2017-05-17,2,147701,Motilal Oswal Large and Midcap Fund - Regular Plan Growth,,,,,,,,,,,,,False
2017-05-17,2,147843,Mahindra Manulife Large & Mid Cap Fund - Regular Plan - Growth,,,,,,,,,,,,,False
2017-05-17,2,148471,Baroda BNP Paribas Large and Mid Cap Fund-Regular Plan-Growth Option,,,,,,,,,,,,,False
2017-05-17,2,152225,Whiteoak Capital Large & Mid Cap Fund Regular Plan Growth,,,,,,,,,,,,,False
2017-05-17,2,152383,PGIM India Large and Midcap Fund - Regular Plan - Growth Option,,,,,,,,,,,,,False
2017-05-17,2,152406,Bajaj Finserv Large and Mid Cap Fund- Regular Plan- Growth,,,,,,,,,,,,,False
2017-05-17,2,152943,Helios Large & Mid Cap Fund - Regular Plan - Growth Option,,,,,,,,,,,,,False
2017-05-17,2,153533,Samco Large & Mid Cap Fund - Regular Plan - Growth Option,,,,,,,,,,,,,False
2017-05-17,2,153627,JM Large & Mid Cap Fund (Regular) - Growth Option,,,,,,,,,,,,,False
2017-11-16,3,100033,Aditya Birla Sun Life Large & Mid Cap Fund - Regular Growth,1.9517909242524951,2.8187498606218453,-0.06690794075605973,0.296250396474386,0.12616638053519802,1.1275996495199299,0.058624023921270745,0.0509352947987091,-0.04687536258789127,11.0,0.07467844205238042,6.0,True
2017-11-16,3,100664,UTI Large & Mid Cap Fund - Regular Plan - Growth Option,2.0625868993858485,3.2215326726818687,-0.048193941159689425,0.25721508396166265,0.1004636866564811,0.9465980004745294,0.0346599210768334,0.014636139349034023,-0.02510892668636555,10.0,0.18623676399602546,5.0,True
2017-11-16,3,101824,Tata Large & Mid Cap Fund- Regular Plan - Growth Option,1.4376589686103154,1.983450096242241,-0.056357051897829226,0.2067794765070313,0.10905192394728994,0.999818177439494,0.044123708061529154,-0.06108680683882271,-0.007767287215240115,8.0,-1.764123959920153,11.0,True
2017-11-16,3,102920,CANARA ROBECO LARGE AND MID CAP FUND - REGULAR PLAN - GROWTH OPTION,2.467716033307317,2.940826048617112,-0.06555284835827813,0.3498484904697393,0.12150850682275319,1.0011470977796177,0.06937430863706451,0.09210201878430208,0.015448668784924013,5.0,0.9044712973950735,1.0,True
2017-11-16,3,103819,DSP Large & Mid Cap Fund - Regular Plan - Growth,1.8552622437347648,2.7357615153603803,-0.05995663087928525,0.26893422142216505,0.1180071562182154,1.1043338538086653,0.04354317261103038,0.028921246785804218,-0.022732466202937895,9.0,-0.31663833975073996,10.0,True
2017-11-16,3,105001,Sundaram Large and Midcap Fund Regular Plan - Growth,2.3489580136765458,3.272758669448574,-0.041953534799321686,0.269022374499389,0.09324235393913205,0.8709759902316493,0.036194578152213275,0.0347303685197261,0.041102811043362,1.0,0.4966527141540355,3.0,True
2017-11-16,3,108596,Bandhan Large & Mid Cap Fund - Regular Plan - Growth,1.9904206252106553,2.847913409961511,-0.05020798259772872,0.26501060438097135,0.10802269714132205,1.0054398829616011,0.04009825760201295,0.02499618369786816,-0.006078644996798999,7.0,-0.24646470626294875,8.0,True
2017-11-16,3,110603,BANK OF INDIA Large & Mid Cap Fund Regular Plan- Growth,1.8778193428597982,2.634585496396042,-0.0639066407335372,0.2781827175604053,0.1215147337937726,1.05098186484113,0.06176351079750011,0.02977054421775352,0.035044150110375094,2.0,-0.2907260922139816,9.0,True
2017-11-16,3,118049,L&T Large and Midcap Fund-Regular Plan-Growth,2.0914520938327508,3.005075131429586,-0.059264490195013175,0.3031395921930756,0.1210353289657128,1.0733442544815828,0.05698989453325633,0.060071987820963256,-0.003965496095825971,6.0,0.2775833662868376,4.0,True
2017-11-16,3,133711,LIC MF Large & Mid Cap Fund-Regular Plan-Growth,1.9326223899193646,2.677303067956532,-0.06507164337519898,0.2707649799215891,0.11423078873198828,0.9523774551865392,0.06375377248330837,0.021452951333996845,0.027889535291231615,4.0,-0.14063847766964477,7.0,True
2017-11-16,3,140172,Edelweiss Large & Mid Cap Fund - Regular Plan - Growth Option,2.2745189117451012,3.4634736209388017,-0.0516551633182398,0.27508195873224495,0.09895805111576463,0.977015895579134,0.028865475783158786,0.05653247542825893,0.034641324340895174,3.0,0.818968991933112,2.0,True
2017-11-16,3,145112,Axis Large & Mid Cap Fund - Regular Plan - Growth,,,,,,,,,,,,,False
2017-11-16,3,146771,HSBC Large & Mid Cap Fund - Regular Growth,,,,,,,,,,,,,False
2017-11-16,3,147701,Motilal Oswal Large and Midcap Fund - Regular Plan Growth,,,,,,,,,,,,,False
2017-11-16,3,147843,Mahindra Manulife Large & Mid Cap Fund - Regular Plan - Growth,,,,,,,,,,,,,False
2017-11-16,3,148471,Baroda BNP Paribas Large and Mid Cap Fund-Regular Plan-Growth Option,,,,,,,,,,,,,False
2017-11-16,3,152225,Whiteoak Capital Large & Mid Cap Fund Regular Plan Growth,,,,,,,,,,,,,False
2017-11-16,3,152383,PGIM India Large and Midcap Fund - Regular Plan - Growth Option,,,,,,,,,,,,,False
2017-11-16,3,152406,Bajaj Finserv Large and Mid Cap Fund- Regular Plan- Growth,,,,,,,,,,,,,False
2017-11-16,3,152943,Helios Large & Mid Cap Fund - Regular Plan - Growth Option,,,,,,,,,,,,,False
2017-11-16,3,153533,Samco Large & Mid Cap Fund - Regular Plan - Growth Option,,,,,,,,,,,,,False
2017-11-16,3,153627,JM Large & Mid Cap Fund (Regular) - Growth Option,,,,,,,,,,,,,False
2018-05-22,4,100033,Aditya Birla Sun Life Large & Mid Cap Fund - Regular Growth,0.01549570329991261,0.022696813873309442,-0.12108554885190838,0.05196995364684702,0.12712902465409595,1.1075917548375933,0.05746780017348749,-0.05605135241307261,-0.06933995568865192,9.0,-0.4525247896418321,9.0,True
2018-05-22,4,100664,UTI Large & Mid Cap Fund - Regular Plan - Growth Option,-0.009437930816568112,-0.013810249899282203,-0.10126386472419335,0.04899018966893328,0.10699488592286495,0.9585224735686735,0.041720450079222655,-0.0817250588221232,-0.035142260650473545,4.0,-0.8556124714205546,11.0,True
2018-05-22,4,101824,Tata Large & Mid Cap Fund- Regular Plan - Growth Option,-0.08822176501822478,-0.12462733505615059,-0.11729363700685941,0.03945219225691069,0.11956015322194315,1.0825091924823897,0.044288159652431,-0.09060766982971727,-0.007119804297743948,1.0,-0.8010007242599543,10.0,True
2018-05-22,4,102920,CANARA ROBECO LARGE AND MID CAP FUND - REGULAR PLAN - GROWTH OPTION,0.22633765754134225,0.2988719082745076,-0.1065755077418057,0.07810074460761722,0.12415408426891822,1.0143413257826932,0.06734591423190425,-0.023289883159112817,-0.058157099697885184,8.0,-0.1408114445128716,5.0,True
2018-05-22,4,103819,DSP Large & Mid Cap Fund - Regular Plan - Growth,0.12662250355216664,0.18558711335060893,-0.1148285180859498,0.06537029977204638,0.12138679413895935,1.0858631436156094,0.048289848849205265,-0.04907098417830326,-0.0398911294848292,6.0,-0.24791146052008983,6.0,True
2018-05-22,4,105001,Sundaram Large and Midcap Fund Regular Plan - Growth,0.6839443027393457,0.9599445368935524,-0.08753100720771319,0.11844703769575542,0.1000769176987223,0.9124542176749693,0.03580586603763408,0.027461014433243967,-0.01272969764297649,2.0,0.8054170075716987,3.0,True
2018-05-22,4,108596,Bandhan Large & Mid Cap Fund - Regular Plan - Growth,0.11907627276320593,0.16823510174868794,-0.10801263445802596,0.06385198434502992,0.11632866920999452,1.043512909351572,0.04500621848374234,-0.05487366933497264,-0.02612445446922751,3.0,-0.3898065615201941,8.0,True
2018-05-22,4,110603,BANK OF INDIA Large & Mid Cap Fund Regular Plan- Growth,0.6682173639499538,0.9173379213017102,-0.11502231036192365,0.14535496374853424,0.14270051766520095,1.1230464734505001,0.08480588601603821,0.03166154739139587,-0.1359637430018662,11.0,1.2051357660318234,1.0,True
2018-05-22,4,118049,L&T Large and Midcap Fund-Regular Plan-Growth,0.30248664524492774,0.42568843619949587,-0.11128796674281857,0.08785927403575702,0.12516015047574053,1.064480623575338,0.06099807818511301,-0.015595409095032256,-0.07332539812838612,10.0,0.16570148190431525,4.0,True
2018-05-22,4,133711,LIC MF Large & Mid Cap Fund-Regular Plan-Growth,0.2655934720570953,0.3791544761238029,-0.09102733318810308,0.0816312867766239,0.11909662738180617,0.9369995055694211,0.07032377194249145,-0.019128462137576935,-0.046157832648023533,7.0,-0.2708019742970105,7.0,True
2018-05-22,4,140172,Edelweiss Large & Mid Cap Fund - Regular Plan - Growth Option,0.7399719580337514,1.0323751821097158,-0.0893141447881872,0.12845343784450478,0.10602217691190736,0.957725251483278,0.03936105081945122,0.041059136025873,-0.0366090534979423,5.0,0.98221517066467,2.0,True
2018-05-22,4,145112,Axis Large & Mid Cap Fund - Regular Plan - Growth,,,,,,,,,,,,,False
2018-05-22,4,146771,HSBC Large & Mid Cap Fund - Regular Growth,,,,,,,,,,,,,False
2018-05-22,4,147701,Motilal Oswal Large and Midcap Fund - Regular Plan Growth,,,,,,,,,,,,,False
2018-05-22,4,147843,Mahindra Manulife Large & Mid Cap Fund - Regular Plan - Growth,,,,,,,,,,,,,False
2018-05-22,4,148471,Baroda BNP Paribas Large and Mid Cap Fund-Regular Plan-Growth Option,,,,,,,,,,,,,False
2018-05-22,4,152225,Whiteoak Capital Large & Mid Cap Fund Regular Plan Growth,,,,,,,,,,,,,False
2018-05-22,4,152383,PGIM India Large and Midcap Fund - Regular Plan - Growth Option,,,,,,,,,,,,,False
2018-05-22,4,152406,Bajaj Finserv Large and Mid Cap Fund- Regular Plan- Growth,,,,,,,,,,,,,False
2018-05-22,4,152943,Helios Large & Mid Cap Fund - Regular Plan - Growth Option,,,,,,,,,,,,,False
2018-05-22,4,153533,Samco Large & Mid Cap Fund - Regular Plan - Growth Option,,,,,,,,,,,,,False
2018-05-22,4,153627,JM Large & Mid Cap Fund (Regular) - Growth Option,,,,,,,,,,,,,False
2018-11-27,5,100033,Aditya Birla Sun Life Large & Mid Cap Fund - Regular Growth,-1.1886285949896906,-1.780506837606929,-0.21129748723728703,-0.11620246847511571,0.1398270823835911,1.040326420001778,0.05243512182685769,-0.1679625327319771,0.08850228907782864,6.0,-0.43058184835526825,12.0,True
2018-11-27,5,100664,UTI Large & Mid Cap Fund - Regular Plan - Growth Option,-0.7755598464763539,-1.1737132128719485,-0.16887525026112601,-0.05494247679319567,0.1353119005193304,0.9954052561929978,0.053888987562157126,-0.09182059906037501,0.06119107910521837,10.0,-0.29643604891740666,11.0,True
2018-11-27,5,101824,Tata Large & Mid Cap Fund- Regular Plan - Growth Option,-0.4734353648144114,-0.7516335575244742,-0.16779939111985379,-0.011194266834822544,0.12925580001572307,0.9661262515085945,0.04703449917398564,-0.046609211795851764,0.10959720394955408,1.0,-0.09986753398559063,4.0,True
2018-11-27,5,102920,CANARA ROBECO LARGE AND MID CAP FUND - REGULAR PLAN - GROWTH OPTION,-0.6455199942823013,-0.9733619342339428,-0.18034102306920766,-0.04058956192210632,0.14033579552067169,1.0006437623370679,0.06423355606419386,-0.06295728771069901,0.1020735479436361,2.0,-0.16676541389459984,7.0,True
2018-11-27,5,103819,DSP Large & Mid Cap Fund - Regular Plan - Growth,-0.7959625368587218,-1.2462857007624377,-0.1826241890520967,-0.060349854736398534,0.13863699562029108,1.0263738523000905,0.053403364096037104,-0.09903405904630813,0.09356947326377729,3.0,-0.2720687782467378,10.0,True
2018-11-27,5,105001,Sundaram Large and Midcap Fund Regular Plan - Growth,-0.1356838252956087,-0.20942799993216718,-0.16902725112912556,0.032760595749958404,0.12705570625299467,0.940963570283142,0.04930316331233316,0.011696108452036393,0.08888737758433107,4.0,0.14331368794910784,2.0,True
2018-11-27,5,108596,Bandhan Large & Mid Cap Fund - Regular Plan - Growth,-0.5793659256946174,-0.8781967030376461,-0.16025062335639462,-0.027695075662725402,0.13410363332909953,0.9950009368525944,0.05090255278219813,-0.06348786080894483,0.06312369459271294,9.0,-0.19148411299164017,8.0,True
2018-11-27,5,110603,BANK OF INDIA Large & Mid Cap Fund Regular Plan- Growth,-0.9078913738315093,-1.2941814225933257,-0.2526028755577591,-0.10161492710359811,0.16699677017939743,1.0969641485390242,0.09656357773514537,-0.08168925924244692,0.06016661524220934,11.0,-0.08214166687503,3.0,True
2018-11-27,5,118049,L&T Large and Midcap Fund-Regular Plan-Growth,-0.9085076286273278,-1.3769918234335985,-0.20370023594621925,-0.07575699508395539,0.13842150700920652,0.9749942239382691,0.06625658037240087,-0.09447077545583175,0.055475584099213826,12.0,-0.2684408448290675,9.0,True
2018-11-27,5,133711,LIC MF Large & Mid Cap Fund-Regular Plan-Growth,-0.5332518529871101,-0.8300096706533143,-0.16975171872428244,-0.02001048163319034,0.13128971093304864,0.8916304005846045,0.071124667684169,-0.0386309047649472,0.07120388904775532,7.0,-0.13168659602743257,6.0,True
2018-11-27,5,140172,Edelweiss Large & Mid Cap Fund - Regular Plan - Growth Option,-0.44605473478251817,-0.6808175457300804,-0.15644774835657688,-0.002420258694716559,0.11751978985331227,0.8741351666797867,0.0466547833020473,-0.03514174232944143,0.08878105457403551,5.0,-0.11382061762323863,5.0,True
2018-11-27,5,145112,Axis Large & Mid Cap Fund - Regular Plan - Growth,3.0199896987715404,5.302817473236676,-0.005911330049261133,0.16760568169043677,0.03894241153811747,,,,0.06995073891625614,8.0,1.9099797737969046,1.0,True
2018-11-27,5,146771,HSBC Large & Mid Cap Fund - Regular Growth,,,,,,,,,,,,,False
2018-11-27,5,147701,Motilal Oswal Large and Midcap Fund - Regular Plan Growth,,,,,,,,,,,,,False
2018-11-27,5,147843,Mahindra Manulife Large & Mid Cap Fund - Regular Plan - Growth,,,,,,,,,,,,,False
2018-11-27,5,148471,Baroda BNP Paribas Large and Mid Cap Fund-Regular Plan-Growth Option,,,,,,,,,,,,,False
2018-11-27,5,152225,Whiteoak Capital Large & Mid Cap Fund Regular Plan Growth,,,,,,,,,,,,,False
2018-11-27,5,152383,PGIM India Large and Midcap Fund - Regular Plan - Growth Option,,,,,,,,,,,,,False
2018-11-27,5,152406,Bajaj Finserv Large and Mid Cap Fund- Regular Plan- Growth,,,,,,,,,,,,,False
2018-11-27,5,152943,Helios Large & Mid Cap Fund - Regular Plan - Growth Option,,,,,,,,,,,,,False
2018-11-27,5,153533,Samco Large & Mid Cap Fund - Regular Plan - Growth Option,,,,,,,,,,,,,False
2018-11-27,5,153627,JM Large & Mid Cap Fund (Regular) - Growth Option,,,,,,,,,,,,,False
2019-05-30,6,100033,Aditya Birla Sun Life Large & Mid Cap Fund - Regular Growth,-0.23582434982199016,-0.3675222420947499,-0.2021818832155951,0.016439684720022555,0.1423106447884199,0.9861330967173166,0.05328897143884683,-0.09718541488427611,0.0049029032878293854,10.0,-0.1363582130646034,8.0,True
2019-05-30,6,100664,UTI Large & Mid Cap Fund - Regular Plan - Growth Option,-0.15702515470420433,-0.25450911636840756,-0.14068509404849489,0.027755715677520804,0.1416606426173036,0.9673995013722628,0.05769737502629308,-0.08337679739810773,-0.0466495323472379,13.0,-0.252642279652415,10.0,True
2019-05-30,6,101824,Tata Large & Mid Cap Fund- Regular Plan - Growth Option,0.39015060068561364,0.6727400012667133,-0.12776219265215497,0.09796031017974906,0.12292768509254702,0.8585099080200046,0.047750112256376175,-0.011048328642475711,0.03595809527824545,3.0,0.7720839070020137,2.0,True
2019-05-30,6,102920,CANARA ROBECO LARGE AND MID CAP FUND - REGULAR PLAN - GROWTH OPTION,-0.0622819831662664,-0.09916421695689585,-0.18034102306920766,0.04142274322679071,0.13771650061802873,0.9476538455541819,0.05468088077143994,-0.0711885045409899,-0.011434511434511574,11.0,0.09837569656828926,5.0,True
2019-05-30,6,103819,DSP Large & Mid Cap Fund - Regular Plan - Growth,0.030643417769039526,0.05084939753654237,-0.1555672985886342,0.0542844245824344,0.13981549364781612,0.9724360969111536,0.05113218787031065,-0.060290936774444207,0.02661327679589509,5.0,0.17268860824113907,4.0,True
2019-05-30,6,105001,Sundaram Large and Midcap Fund Regular Plan - Growth,0.19821074834759644,0.33435397352683655,-0.16902725112912556,0.07741107321673338,0.13829256710470353,0.9396604293922391,0.0583213292829212,-0.031178577287091863,0.03391986191311647,4.0,0.5596957304434292,3.0,True
2019-05-30,6,108596,Bandhan Large & Mid Cap Fund - Regular Plan - Growth,-0.07616726237055717,-0.1315291369261257,-0.14366968611754793,0.03965533985004251,0.13581504478433398,0.9415694384342289,0.05100804300327498,-0.07688058026522063,-0.022702466710325275,12.0,-0.08899264999788967,7.0,True
2019-05-30,6,110603,BANK OF INDIA Large & Mid Cap Fund Regular Plan- Growth,-0.8424869159446206,-1.2375784227707824,-0.2199223803363519,-0.08124256740443768,0.15577994734468326,0.9969999213915772,0.081124852488434,-0.14382281893959295,0.02299185098952261,7.0,-1.1633361617728248,13.0,True
2019-05-30,6,118049,L&T Large and Midcap Fund-Regular Plan-Growth,-0.5234910849184217,-0.8458796153631506,-0.16937200898525245,-0.020042187176945465,0.1337982425963575,0.9059679662848847,0.058575220819023645,-0.1311740828731666,0.005392362568191533,9.0,-0.8366671635114874,12.0,True
2019-05-30,6,133711,LIC MF Large & Mid Cap Fund-Regular Plan-Growth,-0.2170147645043279,-0.33911787342414174,-0.16975171872428244,0.02212320240211091,0.12845576503313452,0.8499887266318497,0.06334659933951989,-0.0859224901954467,0.058762680192204986,2.0,-0.23813325519158654,9.0,True
2019-05-30,6,140172,Edelweiss Large & Mid Cap Fund - Regular Plan - Growth Option,-0.019228325760590633,-0.031291585212742105,-0.15644774835657688,0.04769184301947704,0.12003941524922168,0.8496561630837405,0.04397816122971752,-0.07976803231518977,0.016666143561093527,8.0,0.07945925837064557,6.0,True
2019-05-30,6,145112,Axis Large & Mid Cap Fund - Regular Plan - Growth,0.9042870213723049,1.491564620292014,-0.051517939282428586,0.13038967264342996,0.08889840365223232,0.5581324523496034,0.07742414671600269,-0.12597805379308372,0.07182320441988965,1.0,1.4331018295367857,1.0,True
2019-05-30,6,146771,HSBC Large & Mid Cap Fund - Regular Growth,-0.06273342105418286,-0.12950869181193506,-0.06677746484479956,0.04034352620569352,0.15392869752736915,0.9296069626492586,0.05031110116750997,-0.12315376732906556,0.024849659559664117,6.0,-0.3992753069714965,11.0,True
2019-05-30,6,147701,Motilal Oswal Large and Midcap Fund - Regular Plan Growth,,,,,,,,,,,,,False
2019-05-30,6,147843,Mahindra Manulife Large & Mid Cap Fund - Regular Plan - Growth,,,,,,,,,,,,,False
2019-05-30,6,148471,Baroda BNP Paribas Large and Mid Cap Fund-Regular Plan-Growth Option,,,,,,,,,,,,,False
2019-05-30,6,152225,Whiteoak Capital Large & Mid Cap Fund Regular Plan Growth,,,,,,,,,,,,,False
2019-05-30,6,152383,PGIM India Large and Midcap Fund - Regular Plan - Growth Option,,,,,,,,,,,,,False
2019-05-30,6,152406,Bajaj Finserv Large and Mid Cap Fund- Regular Plan- Growth,,,,,,,,,,,,,False
2019-05-30,6,152943,Helios Large & Mid Cap Fund - Regular Plan - Growth Option,,,,,,,,,,,,,False
2019-05-30,6,153533,Samco Large & Mid Cap Fund - Regular Plan - Growth Option,,,,,,,,,,,,,False
2019-05-30,6,153627,JM Large & Mid Cap Fund (Regular) - Growth Option,,,,,,,,,,,,,False
2019-12-06,7,100033,Aditya Birla Sun Life Large & Mid Cap Fund - Regular Growth,0.40096042070490895,0.7145207745223583,-0.12867209446269584,0.11011853160411925,0.1499363241350055,0.9922414626092273,0.05148750803331502,-0.004754141707227252,-0.1688271309671865,12.0,-0.026126247305355066,7.0,True
2019-12-06,7,100664,UTI Large & Mid Cap Fund - Regular Plan - Growth Option,-0.09565099394365531,-0.1574020442700012,-0.12479826170475751,0.03597824200224778,0.14659291471672345,0.9595874450411087,0.05455383397923842,-0.0976073014557715,-0.15191233383393132,8.0,-0.709424143622218,14.0,True
2019-12-06,7,101824,Tata Large & Mid Cap Fund- Regular Plan - Growth Option,0.7988655258900305,1.3991969523217451,-0.08605966258100213,0.15440424676196762,0.1306906398866681,0.8712458687443289,0.04625803396587356,0.043940910768166135,-0.14465740653819892,6.0,0.23269049572239686,3.0,True
2019-12-06,7,102920,CANARA ROBECO LARGE AND MID CAP FUND - REGULAR PLAN - GROWTH OPTION,0.37786398071829763,0.6340389713453032,-0.12746113989637303,0.10078567444472587,0.13440199922783166,0.9004331651693287,0.04444355854415228,-0.02579377901788582,-0.1003154574132491,2.0,-0.07976651695543804,8.0,True
2019-12-06,7,103819,DSP Large & Mid Cap Fund - Regular Plan - Growth,0.6187072321014423,1.1291344741618328,-0.09474582491388953,0.13492381250175214,0.13726009345859452,0.9157359398224876,0.045489295957889454,0.022422402008293568,-0.14672411025350662,7.0,0.06525882233105587,5.0,True
2019-12-06,7,105001,Sundaram Large and Midcap Fund Regular Plan - Growth,0.5987317480259866,1.0924252398281151,-0.10423183201716864,0.13924343489237875,0.14905412179429894,0.9700702034611858,0.057571110347969814,0.018852302607877045,-0.19498064197259657,14.0,0.0968818813402415,4.0,True
2019-12-06,7,108596,Bandhan Large & Mid Cap Fund - Regular Plan - Growth,0.05837460267045017,0.11019967933591632,-0.12453894554133221,0.058672334254679416,0.14856348236986924,0.9921293876413405,0.04717352191390982,-0.07944170233039144,-0.1704266249720796,13.0,-0.5076443892359017,12.0,True
2019-12-06,7,110603,BANK OF INDIA Large & Mid Cap Fund Regular Plan- Growth,0.34544200065688985,0.6044328193933887,-0.1047783534830167,0.09778358021706142,0.13832591325373472,0.9188918471069666,0.04813295102862322,-0.02684360036591143,-0.13598862019914648,3.0,-0.25276873256803545,10.0,True
2019-12-06,7,118049,L&T Large and Midcap Fund-Regular Plan-Growth,0.1795234721471091,0.3154373318675136,-0.11330541841134929,0.07353528807958698,0.13109866803546044,0.8717843733206089,0.047574710126180905,-0.05792745839225989,-0.13944946469937602,5.0,-0.4193078432521593,11.0,True
2019-12-06,7,133711,LIC MF Large & Mid Cap Fund-Regular Plan-Growth,0.7036656315575586,1.2100483571470502,-0.07216240312735746,0.13947085850398663,0.1271496780451586,0.831905712408429,0.05325291842261833,0.018783297127788676,-0.1570676668032399,9.0,0.011668166927763818,6.0,True
2019-12-06,7,140172,Edelweiss Large & Mid Cap Fund - Regular Plan - Growth Option,0.49736366429297213,0.8582861149947751,-0.1002107089737233,0.11780822170292954,0.1363352946165107,0.92535156627736,0.03887995521335663,-0.001959124430387709,-0.13873795999012106,4.0,-0.0843736868506604,9.0,True
2019-12-06,7,145112,Axis Large & Mid Cap Fund - Regular Plan - Growth,0.9552431812827865,1.8958272744069606,-0.051785714285714296,0.14984459648122803,0.10452270001775651,0.6284990564711881,0.07629786187525943,0.02310094169716062,-0.06701030927835061,1.0,0.3139892837340021,2.0,True
2019-12-06,7,146771,HSBC Large & Mid Cap Fund - Regular Growth,0.16324548920378987,0.2990104053414048,-0.09728029346797108,0.07506695268398518,0.15355372332948586,0.9535470839790756,0.046316998640899706,0.019746772726987133,-0.15722806847388593,10.0,-0.5355027528837392,13.0,True
2019-12-06,7,147701,Motilal Oswal Large and Midcap Fund - Regular Plan Growth,2.4676155588375175,4.0556448550925746,-0.013804569854163591,0.2713889906622697,0.08971778033631994,0.7315431859460508,0.0661451474833501,0.0023084935452797966,-0.15777510362347902,11.0,1.8944256626180471,1.0,True
2019-12-06,7,147843,Mahindra Manulife Large & Mid Cap Fund - Regular Plan - Growth,,,,,,,,,,,,,False
2019-12-06,7,148471,Baroda BNP Paribas Large and Mid Cap Fund-Regular Plan-Growth Option,,,,,,,,,,,,,False
2019-12-06,7,152225,Whiteoak Capital Large & Mid Cap Fund Regular Plan Growth,,,,,,,,,,,,,False
2019-12-06,7,152383,PGIM India Large and Midcap Fund - Regular Plan - Growth Option,,,,,,,,,,,,,False
2019-12-06,7,152406,Bajaj Finserv Large and Mid Cap Fund- Regular Plan- Growth,,,,,,,,,,,,,False
2019-12-06,7,152943,Helios Large & Mid Cap Fund - Regular Plan - Growth Option,,,,,,,,,,,,,False
2019-12-06,7,153533,Samco Large & Mid Cap Fund - Regular Plan - Growth Option,,,,,,,,,,,,,False
2019-12-06,7,153627,JM Large & Mid Cap Fund (Regular) - Growth Option,,,,,,,,,,,,,False
2020-06-12,8,100033,Aditya Birla Sun Life Large & Mid Cap Fund - Regular Growth,-0.6852538049599497,-0.723568075010627,-0.3931251942976417,-0.14935961410155602,0.29092813882763874,0.9399763559060029,0.06948295281085265,-0.015794513104318748,0.37847092337352173,1.0,0.04182191861815249,9.0,True
2020-06-12,8,100664,UTI Large & Mid Cap Fund - Regular Plan - Growth Option,-0.8408386725173168,-0.8953743050236801,-0.3888772167363105,-0.18009828137393993,0.2736533046048747,0.8756921535085574,0.08207267718655795,-0.036964840701334954,0.33429684726996767,8.0,-0.6297469332865651,14.0,True
2020-06-12,8,101824,Tata Large & Mid Cap Fund- Regular Plan - Growth Option,-0.5440131569443938,-0.5715652349315824,-0.3580044814312294,-0.09382288478356773,0.2643739088800539,0.858763281351137,0.06938471416781485,0.034604678061846667,0.3463772778019567,4.0,0.27796276402620135,5.0,True
2020-06-12,8,102920,CANARA ROBECO LARGE AND MID CAP FUND - REGULAR PLAN - GROWTH OPTION,-0.4890338180643683,-0.5031499789314877,-0.36263527624833874,-0.08640018619161485,0.27891769679957246,0.9063254823584213,0.06393760616028563,0.044865954932189415,0.3577606358111267,3.0,0.5592282744188044,2.0,True
2020-06-12,8,103819,DSP Large & Mid Cap Fund - Regular Plan - Growth,-0.5618509621890723,-0.5817441994063562,-0.3684065787475424,-0.10217288783047541,0.2708420881537381,0.8810974574518919,0.06499779098771646,0.028847671859133152,0.325836812105619,10.0,0.3212161986237254,3.0,True
2020-06-12,8,105001,Sundaram Large and Midcap Fund Regular Plan - Growth,-0.7362063703348004,-0.7680393804598062,-0.3814831397129863,-0.15246147716088168,0.2750064184704206,0.8789745662857504,0.08296322557805336,-0.015583391385567255,0.31878027150555965,12.0,-0.2520799551879783,12.0,True
2020-06-12,8,108596,Bandhan Large & Mid Cap Fund - Regular Plan - Growth,-0.816797017174427,-0.859926015223548,-0.3860309493935592,-0.17690714156043472,0.27780113882563134,0.898008977267263,0.07053378555757467,-0.0401620372812096,0.3651050080775444,2.0,-0.5420422176869232,13.0,True
2020-06-12,8,110603,BANK OF INDIA Large & Mid Cap Fund Regular Plan- Growth,-0.5356856873100221,-0.5533274764591279,-0.35466807722824656,-0.09401309766573057,0.2688388005826717,0.8680419346845409,0.07424174357118064,0.03217938178681863,0.3328943035890679,9.0,0.297533339708779,4.0,True
2020-06-12,8,118049,L&T Large and Midcap Fund-Regular Plan-Growth,-0.6421424778208642,-0.6531969485334458,-0.3610229937146573,-0.11690406809469402,0.259917500958805,0.8434775358791543,0.0724610389241333,0.01306989009747501,0.29569540438947484,15.0,-0.04157410219982556,10.0,True
2020-06-12,8,133711,LIC MF Large & Mid Cap Fund-Regular Plan-Growth,-0.5609987827367106,-0.5902556906693095,-0.34039938375416023,-0.08844305632215822,0.24677960199270624,0.7893636664768927,0.09170535607387974,0.02987756824366127,0.3375384178213825,6.0,0.04380231009213359,8.0,True
2020-06-12,8,140172,Edelweiss Large & Mid Cap Fund - Regular Plan - Growth Option,-0.5762381729380464,-0.6032600842101867,-0.35009251763617444,-0.10367153288900208,0.2666805847059421,0.8682917871465051,0.06565627955450282,0.02712047032061427,0.3385547351064593,5.0,0.08018311449154632,7.0,True
2020-06-12,8,145112,Axis Large & Mid Cap Fund - Regular Plan - Growth,-0.10845503776157119,-0.11269830395614226,-0.32015810276679846,0.026210308180608544,0.2193507310530921,0.6724826554680498,0.12971719291311562,0.07680104612847985,0.31952117863720075,11.0,1.6491546925400373,1.0,True
2020-06-12,8,146771,HSBC Large & Mid Cap Fund - Regular Growth,-0.5913165970463062,-0.6173508788847804,-0.36199284880326915,-0.11446758139483627,0.27813794203709225,0.9086773864434321,0.05680684363141511,0.019373406089572213,0.33609915529265555,7.0,0.13555489609097937,6.0,True
2020-06-12,8,147701,Motilal Oswal Large and Midcap Fund - Regular Plan Growth,-0.7116600110797957,-0.6788008640029803,-0.3752889802209093,-0.19270370340861015,0.34103883825136916,0.9165676145362026,0.09447528710494055,-0.007345162323882682,0.3036989998412447,14.0,-0.09314061410818841,11.0,True
2020-06-12,8,147843,Mahindra Manulife Large & Mid Cap Fund - Regular Plan - Growth,-1.0214328569411752,-1.056485984805724,-0.32952784479883873,-0.30016741617992115,0.34281980827261294,0.7847045342170416,0.11602150864674292,0.03628599096279499,0.31631233626225863,13.0,-1.8478736861408784,15.0,True
2020-06-12,8,148471,Baroda BNP Paribas Large and Mid Cap Fund-Regular Plan-Growth Option,,,,,,,,,,,,,False
2020-06-12,8,152225,Whiteoak Capital Large & Mid Cap Fund Regular Plan Growth,,,,,,,,,,,,,False
2020-06-12,8,152383,PGIM India Large and Midcap Fund - Regular Plan - Growth Option,,,,,,,,,,,,,False
2020-06-12,8,152406,Bajaj Finserv Large and Mid Cap Fund- Regular Plan- Growth,,,,,,,,,,,,,False
2020-06-12,8,152943,Helios Large & Mid Cap Fund - Regular Plan - Growth Option,,,,,,,,,,,,,False
2020-06-12,8,153533,Samco Large & Mid Cap Fund - Regular Plan - Growth Option,,,,,,,,,,,,,False
2020-06-12,8,153627,JM Large & Mid Cap Fund (Regular) - Growth Option,,,,,,,,,,,,,False
2020-12-10,9,100033,Aditya Birla Sun Life Large & Mid Cap Fund - Regular Growth,0.46956946972700453,0.45198971047286585,-0.3931251942976417,0.18590721147298062,0.28942940338943607,0.9262220063664576,0.07712996819219634,0.009974795102299674,0.24681668267022916,7.0,-0.0776129552953845,4.0,True
2020-12-10,9,100664,UTI Large & Mid Cap Fund - Regular Plan - Growth Option,0.4268599807382392,0.4110545013304427,-0.3888772167363105,0.16680495211735788,0.27363762682870396,0.8661887743222301,0.08954425778174867,-0.004846470489106668,0.3085962875325172,1.0,-0.11170305996226736,5.0,True
2020-12-10,9,101824,Tata Large & Mid Cap Fund- Regular Plan - Growth Option,0.49841737247746054,0.4975319420056795,-0.3580044814312294,0.18213036349169176,0.26509983557538846,0.8543750677919741,0.07466935770356899,0.007117197546993425,0.21536589675222473,12.0,-0.13756458734951538,7.0,True
2020-12-10,9,102920,CANARA ROBECO LARGE AND MID CAP FUND - REGULAR PLAN - GROWTH OPTION,0.7095760286602205,0.6599939984987406,-0.36263527624833874,0.24860779846706133,0.27989643173552664,0.9010468262950317,0.07154154495975808,0.06596336928027433,0.23284841181027804,10.0,-0.016321973613601173,2.0,True
2020-12-10,9,103819,DSP Large & Mid Cap Fund - Regular Plan - Growth,0.43559810240496205,0.4226045968997907,-0.3684065787475424,0.1697605874065813,0.27493367566427956,0.8847397075204085,0.07308958876315196,-0.0033901693057091053,0.2677228467004922,4.0,-0.15300471828998377,9.0,True
2020-12-10,9,105001,Sundaram Large and Midcap Fund Regular Plan - Growth,0.19590317643510702,0.18432661136975417,-0.3814831397129863,0.10293327601919855,0.27020121359151533,0.8611029796304602,0.08413021015228114,-0.052983476377660634,0.21463376784605837,13.0,-0.2615478104606365,16.0,True
2020-12-10,9,108596,Bandhan Large & Mid Cap Fund - Regular Plan - Growth,0.4423999863787132,0.41363945156414367,-0.3860309493935592,0.17179856773448968,0.2753132266831155,0.8791342165681242,0.08108264268282611,-0.0014726380764209061,0.24299802761341227,8.0,-0.11237602549434439,6.0,True
2020-12-10,9,110603,BANK OF INDIA Large & Mid Cap Fund Regular Plan- Growth,0.5020425177730851,0.4774873805769426,-0.35466807722824656,0.18542047017926697,0.2697390467643121,0.8635411555934944,0.07989482723706591,0.00924582773480183,0.23591897233201586,9.0,-0.14886686711462468,8.0,True
2020-12-10,9,118049,L&T Large and Midcap Fund-Regular Plan-Growth,0.3740351279354286,0.34138217665682663,-0.3610229937146573,0.14616263641041435,0.25709520103420747,0.8245098448301579,0.08275491747436835,-0.020957271407138732,0.17747248633675228,16.0,-0.21042367210712354,13.0,False
2020-12-10,9,133711,LIC MF Large & Mid Cap Fund-Regular Plan-Growth,0.41871028916804637,0.4071500308193829,-0.34039938375416023,0.15407827824972997,0.2485687143168318,0.7831554641605337,0.10043601800148297,-0.012303143078741013,0.18246722388393488,15.0,-0.22681613024181735,15.0,True
2020-12-10,9,140172,Edelweiss Large & Mid Cap Fund - Regular Plan - Growth Option,0.5040461721459978,0.47129472913757625,-0.35009251763617444,0.1831928997146528,0.264247418341813,0.8539392983772561,0.07213772790906112,0.008294828204623425,0.2548268751841041,6.0,-0.16020762432912333,10.0,True
2020-12-10,9,145112,Axis Large & Mid Cap Fund - Regular Plan - Growth,0.8291596077862315,0.8341838110028331,-0.32015810276679846,0.23659196625957815,0.22503745299142,0.6784956250752542,0.13435704964272618,0.029490042228919953,0.2602930914166084,5.0,-0.031399097404690844,3.0,True
2020-12-10,9,146771,HSBC Large & Mid Cap Fund - Regular Growth,0.4111918809143945,0.39128137040391026,-0.36199284880326915,0.16437003484117677,0.27814273615238894,0.9025636736563061,0.06214992541592706,-0.009450678656966251,0.22305963014323993,11.0,-0.18356883612691935,11.0,True
2020-12-10,9,147701,Motilal Oswal Large and Midcap Fund - Regular Plan Growth,0.31229572279614215,0.2930588556919357,-0.3752889802209093,0.14042767448254206,0.28955783855410305,0.9156365075212111,0.089197045435622,-0.023493893764649044,0.26992728411384026,3.0,-0.21017254671021124,12.0,True
2020-12-10,9,147843,Mahindra Manulife Large & Mid Cap Fund - Regular Plan - Growth,0.4904936628240563,0.46762262985450004,-0.32952784479883873,0.17534807191360566,0.2555549264222994,0.7908527213894206,0.09294227242165261,0.008017789428606497,0.2893626764594506,2.0,-0.21293352753822514,14.0,True
2020-12-10,9,148471,Baroda BNP Paribas Large and Mid Cap Fund-Regular Plan-Growth Option,5.176112093490281,7.026138246829603,-0.02390438247011937,0.5962688093141322,0.10553651069518864,0.5748612199617205,0.08547689931991638,-0.07695110792887526,0.20593368237347298,14.0,2.2545194320384683,1.0,True
2020-12-10,9,152225,Whiteoak Capital Large & Mid Cap Fund Regular Plan Growth,,,,,,,,,,,,,False
2020-12-10,9,152383,PGIM India Large and Midcap Fund - Regular Plan - Growth Option,,,,,,,,,,,,,False
2020-12-10,9,152406,Bajaj Finserv Large and Mid Cap Fund- Regular Plan- Growth,,,,,,,,,,,,,False
2020-12-10,9,152943,Helios Large & Mid Cap Fund - Regular Plan - Growth Option,,,,,,,,,,,,,False
2020-12-10,9,153533,Samco Large & Mid Cap Fund - Regular Plan - Growth Option,,,,,,,,,,,,,False
2020-12-10,9,153627,JM Large & Mid Cap Fund (Regular) - Growth Option,,,,,,,,,,,,,False
2021-06-16,10,100033,Aditya Birla Sun Life Large & Mid Cap Fund - Regular Growth,3.084590812925888,4.042596466721962,-0.06479204533304805,0.5637454963728333,0.16655223578440226,0.9061433530022198,0.07031395274226777,0.07264210209916565,0.08518332496233039,8.0,0.2655811129379181,4.0,True
2021-06-16,10,100664,UTI Large & Mid Cap Fund - Regular Plan - Growth Option,3.0700300065176918,3.5599750141130158,-0.09152849129168994,0.579984181216683,0.17263159646372306,0.9377136750887277,0.07213628627286556,0.0814098810319871,0.05689355804587226,13.0,0.41623574754612414,2.0,True
2021-06-16,10,101824,Tata Large & Mid Cap Fund- Regular Plan - Growth Option,2.943264824873322,3.9078292280778206,-0.07431707741511014,0.5120584956187384,0.15698842038063146,0.871528325517694,0.061580311960859294,0.031944532079295,0.029416351411626795,15.0,0.07929742452174254,7.0,True
2021-06-16,10,102920,CANARA ROBECO LARGE AND MID CAP FUND - REGULAR PLAN - GROWTH OPTION,3.0264783968038462,3.7015178319307758,-0.07092819614711039,0.5357376462855735,0.16049598992629308,0.8964682182548352,0.05910996449252677,0.054990318350267,0.09321323837452855,7.0,-0.02770357423893173,10.0,True
2021-06-16,10,103819,DSP Large & Mid Cap Fund - Regular Plan - Growth,2.9930628810309705,3.7341758363702238,-0.090077315676046,0.5424797058739923,0.1645403806900162,0.9141866062592819,0.06180656562133304,0.06052481668930398,0.023514641819941895,16.0,0.3905721206430615,3.0,False
2021-06-16,10,105001,Sundaram Large and Midcap Fund Regular Plan - Growth,2.7578013312651923,3.4210296472699357,-0.07174956181938329,0.49188573912551314,0.16023117188169247,0.9001019161727529,0.05641831742473641,0.0059714498584409175,0.13472422736390222,2.0,-0.8154792173290514,15.0,True
2021-06-16,10,108596,Bandhan Large & Mid Cap Fund - Regular Plan - Growth,2.9802522857793643,3.5670044800311076,-0.0671759155246011,0.5497892247936577,0.16770030751371717,0.9255198220360362,0.06494554534180512,0.0622228905246355,0.04490637892732452,14.0,-0.337102433338483,12.0,True
2021-06-16,10,110603,BANK OF INDIA Large & Mid Cap Fund Regular Plan- Growth,3.0943663132576495,3.919034796274877,-0.06491428571428579,0.5170570498702223,0.1509378666220419,0.8311886658444358,0.06468743129780874,0.03172407063256328,0.06136318209074565,12.0,0.1716966849291078,6.0,True
2021-06-16,10,118049,L&T Large and Midcap Fund-Regular Plan-Growth,2.907328287594048,3.690055484048071,-0.06556871347534747,0.43670960987206264,0.13301202052833302,0.7283755847037608,0.06988489277363738,-0.04034960837233203,0.0838340486409157,9.0,-0.40654726158938903,13.0,True
2021-06-16,10,133711,LIC MF Large & Mid Cap Fund-Regular Plan-Growth,2.9113281563876825,3.8033474671137095,-0.06972766878834323,0.47512003765878197,0.1460227136284982,0.7951204912722272,0.06902856600425229,-0.005711061896898491,0.10928029049370691,4.0,-0.19280136390998673,11.0,True
2021-06-16,10,140172,Edelweiss Large & Mid Cap Fund - Regular Plan - Growth Option,3.0817095249357997,3.706653909979466,-0.06972333443718574,0.5399604855344671,0.15898983391196625,0.8966624725991413,0.05464561175954951,0.06236238461208474,0.07462813973836413,11.0,0.06008500911542021,8.0,True
2021-06-16,10,145112,Axis Large & Mid Cap Fund - Regular Plan - Growth,3.521637846111252,5.165171176875188,-0.06918238993710697,0.5235088993185695,0.13445701120046719,0.646062832259852,0.09938371551508589,0.02308036683431227,0.1312292358803988,3.0,2.311514160544724,1.0,True
2021-06-16,10,146771,HSBC Large & Mid Cap Fund - Regular Growth,2.8404313546370994,3.645493265747387,-0.06682089153839313,0.511865827844159,0.16260411542428152,0.9187579227274569,0.05401318755314915,0.03174872576092729,0.07865010281979767,10.0,-0.553961998368705,14.0,True
2021-06-16,10,147701,Motilal Oswal Large and Midcap Fund - Regular Plan Growth,2.9339287880124827,3.9311527171077483,-0.07991304434938547,0.524741110445998,0.16181071346574838,0.8694933663008887,0.07370159783829876,0.03369851502569145,0.09623221758755074,6.0,0.2153935183259294,5.0,True
2021-06-16,10,147843,Mahindra Manulife Large & Mid Cap Fund - Regular Plan - Growth,3.068621988413936,3.7565288976148423,-0.06615235686909784,0.5499493541554824,0.1629230827528187,0.9005291867295955,0.06362706368718782,0.06448684827214685,0.10434325289766488,5.0,-0.004159015904107444,9.0,True
2021-06-16,10,148471,Baroda BNP Paribas Large and Mid Cap Fund-Regular Plan-Growth Option,2.579257348091808,3.154257718203723,-0.06565252201761411,0.455580610442975,0.15724705049034085,0.8387652358474286,0.06445467965694937,-0.013879853245089146,0.15340086830680177,1.0,-1.5726209138853753,16.0,True
2021-06-16,10,152225,Whiteoak Capital Large & Mid Cap Fund Regular Plan Growth,,,,,,,,,,,,,False
2021-06-16,10,152383,PGIM India Large and Midcap Fund - Regular Plan - Growth Option,,,,,,,,,,,,,False
2021-06-16,10,152406,Bajaj Finserv Large and Mid Cap Fund- Regular Plan- Growth,,,,,,,,,,,,,False
2021-06-16,10,152943,Helios Large & Mid Cap Fund - Regular Plan - Growth Option,,,,,,,,,,,,,False
2021-06-16,10,153533,Samco Large & Mid Cap Fund - Regular Plan - Growth Option,,,,,,,,,,,,,False
2021-06-16,10,153627,JM Large & Mid Cap Fund (Regular) - Growth Option,,,,,,,,,,,,,False
2021-12-20,11,100033,Aditya Birla Sun Life Large & Mid Cap Fund - Regular Growth,1.8972619183322261,2.4927533822504944,-0.08312965187732153,0.3514399179382732,0.1588815518962463,0.9325238140906533,0.06845623687103759,0.09497875659306303,-0.1770187293652996,16.0,0.10437613620798165,6.0,False
2021-12-20,11,100664,UTI Large & Mid Cap Fund - Regular Plan - Growth Option,1.9270369806258232,2.3583257452431994,-0.08299066913663841,0.3646080046700883,0.16325997260722863,0.967884962242732,0.06615531074137906,0.10690809417592752,-0.07018731423458535,2.0,0.013322671182447857,7.0,True
2021-12-20,11,101824,Tata Large & Mid Cap Fund- Regular Plan - Growth Option,1.4457721089361513,1.8961860637326737,-0.07431707741511014,0.25744875730193273,0.14348648450175236,0.8698414824476437,0.0548735027667341,0.012496339986849746,-0.057180720888485914,1.0,-1.2771046904397971,16.0,True
2021-12-20,11,102920,CANARA ROBECO LARGE AND MID CAP FUND - REGULAR PLAN - GROWTH OPTION,1.8917823675010024,2.4311781117991864,-0.07813133947719231,0.33765860803043424,0.15205692418543063,0.9221243171391253,0.05516470653137349,0.10050598622689616,-0.0932490259947627,8.0,-0.06335315718044567,10.0,True
2021-12-20,11,103819,DSP Large & Mid Cap Fund - Regular Plan - Growth,1.6345961205809925,2.0715717640538864,-0.09112317120766222,0.2979592486517751,0.15169450455054417,0.9100339337021419,0.05929493722731145,0.05223889464697857,-0.08700599705024348,6.0,-0.5065154103137887,13.0,True
2021-12-20,11,105001,Sundaram Large and Midcap Fund Regular Plan - Growth,2.0285056615129857,2.6240811518112537,-0.07134813579040956,0.3621626424747757,0.15388798187624755,0.9365433646089141,0.05381381962983256,0.1292242461829799,-0.10760260913949438,10.0,0.17639442875939781,5.0,True
2021-12-20,11,108596,Bandhan Large & Mid Cap Fund - Regular Plan - Growth,1.5836849210300865,1.9889740452202203,-0.0884846827133479,0.30309704610109867,0.15981527811509078,0.9697209911727063,0.05642394390703357,0.05778429228279173,-0.07517084282460129,4.0,-0.7102176183871702,14.0,True
2021-12-20,11,110603,BANK OF INDIA Large & Mid Cap Fund Regular Plan- Growth,1.8673201040895082,2.488956145736659,-0.07767156025947418,0.3122931914931481,0.1404650391321313,0.8295579386395935,0.06368274560697704,0.06160644566706254,-0.10131826741996242,9.0,-0.050918693153545524,9.0,True
2021-12-20,11,118049,L&T Large and Midcap Fund-Regular Plan-Growth,1.6893566911416327,2.2182282696546003,-0.06556871347534747,0.2870284260621121,0.14030691523288272,0.8087744968247051,0.07085584604695055,0.035777609442272075,-0.11606828581485384,13.0,-0.8036259822229843,15.0,True
2021-12-20,11,133711,LIC MF Large & Mid Cap Fund-Regular Plan-Growth,1.8845247200886008,2.4828728639588893,-0.07703450552437921,0.3076476781588148,0.13671759007050946,0.8184393634114778,0.05967241018499509,0.06427480869727585,-0.08273980777017675,5.0,-0.04567653887416385,8.0,True
2021-12-20,11,140172,Edelweiss Large & Mid Cap Fund - Regular Plan - Growth Option,1.8394571960176282,2.4332144781643574,-0.0731592224904263,0.3359807570950032,0.15547018855026548,0.9464970192253525,0.054004790583683834,0.09866796432750981,-0.08944316466756697,7.0,-0.23438242880811633,12.0,True
2021-12-20,11,145112,Axis Large & Mid Cap Fund - Regular Plan - Growth,2.727282078202823,3.643080620256577,-0.06078431372549029,0.39632697562629504,0.12698612233557877,0.6416839694694125,0.09685873849553388,0.09365889995803658,-0.14537444933920696,15.0,1.919249796141005,1.0,True
2021-12-20,11,146771,HSBC Large & Mid Cap Fund - Regular Growth,1.7411382251992509,2.3568936956049424,-0.08804697725423616,0.31904134749823504,0.15452038419720918,0.9423176434992531,0.053227742270138274,0.08155685781521611,-0.11117494972708986,12.0,-0.14492791209065609,11.0,True
2021-12-20,11,147701,Motilal Oswal Large and Midcap Fund - Regular Plan Growth,2.0674831171376375,2.9681254338231633,-0.0611105378415253,0.3711782354507091,0.15534745255640586,0.8738168021958918,0.07972766415601064,0.09523687504073435,-0.13448838182829215,14.0,0.35632718539885994,4.0,True
2021-12-20,11,147843,Mahindra Manulife Large & Mid Cap Fund - Regular Plan - Growth,2.109728885459826,2.7784081915198913,-0.08228699924121151,0.3989556151082126,0.1654030607976229,0.9944794108173158,0.06195269589087787,0.15132474168213483,-0.07431596655286732,3.0,0.6587073444480765,2.0,True
2021-12-20,11,148471,Baroda BNP Paribas Large and Mid Cap Fund-Regular Plan-Growth Option,2.018136609411301,2.647283987400956,-0.09239436619718314,0.37289471519694817,0.15999646093885495,0.972922693419319,0.05579244992952546,0.14045408812752408,-0.1078795483061481,11.0,0.6083448693328988,3.0,True
2021-12-20,11,152225,Whiteoak Capital Large & Mid Cap Fund Regular Plan Growth,,,,,,,,,,,,,False
2021-12-20,11,152383,PGIM India Large and Midcap Fund - Regular Plan - Growth Option,,,,,,,,,,,,,False
2021-12-20,11,152406,Bajaj Finserv Large and Mid Cap Fund- Regular Plan- Growth,,,,,,,,,,,,,False
2021-12-20,11,152943,Helios Large & Mid Cap Fund - Regular Plan - Growth Option,,,,,,,,,,,,,False
2021-12-20,11,153533,Samco Large & Mid Cap Fund - Regular Plan - Growth Option,,,,,,,,,,,,,False
2021-12-20,11,153627,JM Large & Mid Cap Fund (Regular) - Growth Option,,,,,,,,,,,,,False
2022-06-21,12,100033,Aditya Birla Sun Life Large & Mid Cap Fund - Regular Growth,-0.8713841322053154,-1.126856113469736,-0.2803131406243551,-0.11516400121371086,0.18954212626721872,1.0460120173784158,0.06979987889548823,-0.08137236368521346,0.10124850029993993,13.0,-1.059273591075108,15.0,True
2022-06-21,12,100664,UTI Large & Mid Cap Fund - Regular Plan - Growth Option,-0.45194569364482945,-0.5808393052697493,-0.1863186643894238,-0.02585037042904202,0.16783071837089,0.9365706417044155,0.057752086161706094,-0.0005375790635142322,0.13968045349089708,7.0,-0.0481165838183506,7.0,True
2022-06-21,12,101824,Tata Large & Mid Cap Fund- Regular Plan - Growth Option,-0.5538913803427351,-0.7291743381860604,-0.1554647294762391,-0.034083459463588574,0.1518049611307539,0.8632136476836247,0.04882440613277787,-0.011300838233030987,0.20596243233251377,1.0,-0.7006697041918275,14.0,True
2022-06-21,12,102920,CANARA ROBECO LARGE AND MID CAP FUND - REGULAR PLAN - GROWTH OPTION,-0.3706982335048046,-0.48107161091784256,-0.191560887961514,-0.01238990055670128,0.1683037439019589,0.9478059005084687,0.05341334557886599,0.015357122805345607,0.11932098330633223,10.0,0.3055117337824633,5.0,True
2022-06-21,12,103819,DSP Large & Mid Cap Fund - Regular Plan - Growth,-0.7690550773738224,-0.9871107800652642,-0.2000464120333745,-0.07334287033022445,0.16038236266694567,0.8958992423181611,0.05660973386302036,-0.05360844104495575,0.15325546462239714,5.0,-1.2109258776046232,16.0,True
2022-06-21,12,105001,Sundaram Large and Midcap Fund Regular Plan - Growth,-0.24547662390961247,-0.3182655467512643,-0.20674983406232442,0.007448898418147365,0.17334074790567566,0.9785012964456246,0.05316837768589837,0.0390269775360585,0.13658357077519945,8.0,0.9151996477492711,3.0,True
2022-06-21,12,108596,Bandhan Large & Mid Cap Fund - Regular Plan - Growth,-0.5128844850985574,-0.6639199187487868,-0.18680119989091903,-0.039939904999755436,0.17536093918394158,0.9919178505952063,0.05260726408807431,-0.017529020162521423,0.18114942528735645,3.0,-0.29469183191230375,12.0,True
2022-06-21,12,110603,BANK OF INDIA Large & Mid Cap Fund Regular Plan- Growth,-0.6051120399145464,-0.7841781356242239,-0.20075110959371797,-0.05227169336832161,0.16901282179538893,0.9372602821312395,0.06079184566415312,-0.02799866892604762,0.15821458507963126,4.0,-0.5651959135810272,13.0,True
2022-06-21,12,118049,L&T Large and Midcap Fund-Regular Plan-Growth,-0.5102359385922318,-0.6370503383716004,-0.218923293268593,-0.04803451381663308,0.19213565019962212,1.0461827894609141,0.07652650946325493,-0.018739987993770593,,,-0.01892655333744528,6.0,False
2022-06-21,12,133711,LIC MF Large & Mid Cap Fund-Regular Plan-Growth,-0.21714919610922093,-0.2781932502526934,-0.1805265987691807,0.014816244703168306,0.1620257220714507,0.9015637485780789,0.058421261392573094,0.04349369750774309,0.09399032541367913,14.0,0.8468480032800352,4.0,True
2022-06-21,12,140172,Edelweiss Large & Mid Cap Fund - Regular Plan - Growth Option,-0.4439604699146174,-0.5931986203819392,-0.1850451395799034,-0.025258933019573538,0.16951719380341954,0.956299605736796,0.05271845896255139,0.00012063650469859006,0.14143330716217406,6.0,-0.06046153874034475,8.0,True
2022-06-21,12,145112,Axis Large & Mid Cap Fund - Regular Plan - Growth,-0.5453280613017524,-0.6533306758656109,-0.22010004547521603,-0.03865989597996374,0.16258084311363635,0.7902918352138425,0.09975893135710052,-0.008432310374549308,0.08762886597938135,15.0,-0.10559117897383373,9.0,True
2022-06-21,12,146771,HSBC Large & Mid Cap Fund - Regular Growth,-0.543106217687355,-0.7038649752111262,-0.21927593643054713,-0.04775411924442168,0.17999079380949895,1.0147906199629904,0.05578918850884116,-0.02538793009588602,0.11280631133572316,11.0,-0.18537412107542556,11.0,True
2022-06-21,12,147701,Motilal Oswal Large and Midcap Fund - Regular Plan Growth,-0.5648611184882403,-0.7452180704783542,-0.23504828027839092,-0.05320542836330752,0.1827093864054939,0.9621466675045199,0.08432325330933915,-0.02088564833571848,0.20349248516523977,2.0,-0.18038735475482323,10.0,True
2022-06-21,12,147843,Mahindra Manulife Large & Mid Cap Fund - Regular Plan - Growth,-0.1980860722474944,-0.2557629429370098,-0.19118697764066664,0.01397007175328907,0.18189026536754155,0.9951711632015489,0.07016861867043234,0.035449458990459544,0.10707413544283506,12.0,0.9954882876014561,2.0,True
2022-06-21,12,148471,Baroda BNP Paribas Large and Mid Cap Fund-Regular Plan-Growth Option,-0.14138400313394578,-0.19290488982705323,-0.21376338028169012,0.02519862254526031,0.17541855446859128,0.9787508127072941,0.059498986133666956,0.053885001915044826,0.1338077691204187,9.0,1.3665665766518877,1.0,True
2022-06-21,12,152225,Whiteoak Capital Large & Mid Cap Fund Regular Plan Growth,,,,,,,,,,,,,False
2022-06-21,12,152383,PGIM India Large and Midcap Fund - Regular Plan - Growth Option,,,,,,,,,,,,,False
2022-06-21,12,152406,Bajaj Finserv Large and Mid Cap Fund- Regular Plan- Growth,,,,,,,,,,,,,False
2022-06-21,12,152943,Helios Large & Mid Cap Fund - Regular Plan - Growth Option,,,,,,,,,,,,,False
2022-06-21,12,153533,Samco Large & Mid Cap Fund - Regular Plan - Growth Option,,,,,,,,,,,,,False
2022-06-21,12,153627,JM Large & Mid Cap Fund (Regular) - Growth Option,,,,,,,,,,,,,False
2022-12-23,13,100033,Aditya Birla Sun Life Large & Mid Cap Fund - Regular Growth,-0.5783445653065458,-0.7695680189140148,-0.2803131406243551,-0.05642287782214072,0.18401292967235228,1.0164313469702861,0.058590760463400886,-0.15592576165377728,0.10325985190228959,9.0,-1.0907893650491625,15.0,True
2022-12-23,13,100664,UTI Large & Mid Cap Fund - Regular Plan - Growth Option,0.26758500811006963,0.35054049618705524,-0.17279070194621446,0.09378640231945747,0.16363548402325412,0.9087143761783607,0.051914686136909464,0.007017965279002865,0.12383462243120547,5.0,0.271379902141939,5.0,True
2022-12-23,13,101824,Tata Large & Mid Cap Fund- Regular Plan - Growth Option,0.7482276253058875,1.0077569126714285,-0.1554647294762391,0.1663413717391111,0.15548927599612355,0.8636235070912883,0.05247224336247339,0.09439564128982475,0.09459354938510334,11.0,1.3624605999117074,1.0,True
2022-12-23,13,102920,CANARA ROBECO LARGE AND MID CAP FUND - REGULAR PLAN - GROWTH OPTION,-0.002830318538209361,-0.003694495118162551,-0.18944676894467702,0.04953589588356715,0.1639759306831596,0.9194429888282263,0.04660761380878073,-0.05223040414978911,0.08847775470392039,13.0,-0.2809989423276843,12.0,True
2022-12-23,13,103819,DSP Large & Mid Cap Fund - Regular Plan - Growth,0.23742707112765146,0.3141257746405396,-0.1758732263121148,0.08741908654523636,0.15760244342616822,0.8738664701561275,0.053025678348992786,-0.0007236520310684777,0.09750277905658056,10.0,0.22099298651710883,7.0,True
2022-12-23,13,105001,Sundaram Large and Midcap Fund Regular Plan - Growth,0.03045799730376432,0.04009864129203677,-0.20674983406232442,0.055250793609091776,0.17239457856419796,0.9660617547813398,0.047501491939764905,-0.04363841395954742,0.09231315725206657,12.0,-0.08117411585264843,10.0,True
2022-12-23,13,108596,Bandhan Large & Mid Cap Fund - Regular Plan - Growth,0.44609969893610346,0.5859803879817475,-0.18680119989091903,0.1273271898701491,0.17334060088936556,0.9682547917810439,0.04954571631198855,0.05016897824908934,0.11152199299338261,7.0,0.8076221287857647,2.0,True
2022-12-23,13,110603,BANK OF INDIA Large & Mid Cap Fund Regular Plan- Growth,0.1888274780126943,0.2470678306620592,-0.19965811965811966,0.08198979270628387,0.16941280497393219,0.9214779794045745,0.06222248148610166,-0.006135299465457541,0.0881129003075809,14.0,0.25998624659508085,6.0,True
2022-12-23,13,118049,L&T Large and Midcap Fund-Regular Plan-Growth,0.1940508169787619,0.24128894977051188,-0.218923293268593,0.08704198003771149,0.19088803960957185,1.0119382914656174,0.07088967097861801,-0.041167951856845776,,,0.39212127629372245,4.0,False
2022-12-23,13,133711,LIC MF Large & Mid Cap Fund-Regular Plan-Growth,-0.07910042550196686,-0.10259560409625972,-0.1805265987691807,0.037377331690972994,0.15957775484675468,0.8811260417291056,0.05487464872893844,-0.058375147747830806,0.07107420464681646,15.0,-0.5284906975743731,14.0,True
2022-12-23,13,140172,Edelweiss Large & Mid Cap Fund - Regular Plan - Growth Option,0.16284793366775596,0.21495404648075786,-0.1850451395799034,0.07723286557945232,0.16722880644597699,0.9356739310225698,0.04788858581909837,-0.014254136369548247,0.10919617096891288,8.0,0.09841688517143155,8.0,True
2022-12-23,13,145112,Axis Large & Mid Cap Fund - Regular Plan - Growth,-0.5224988849794305,-0.6888001665566642,-0.21402383134738778,-0.03662900494283728,0.1657974924601944,0.8345219066894987,0.08832476482972974,-0.08926063477856468,0.1774618220115851,1.0,-1.397147805553632,16.0,True
2022-12-23,13,146771,HSBC Large & Mid Cap Fund - Regular Growth,-0.12256053371618476,-0.1632546424347779,-0.21927593643054713,0.028020302224411008,0.17933748417322937,1.004139948048153,0.04954499457029457,-0.07659928034631046,0.1451156159030449,3.0,-0.37536059860857784,13.0,True
2022-12-23,13,147701,Motilal Oswal Large and Midcap Fund - Regular Plan Growth,0.17618224621027062,0.22860047839862088,-0.23504828027839092,0.08135591236264002,0.17797430238922837,0.9434026879902877,0.07456656729989056,-0.005657280519261268,0.15306361155264958,2.0,0.4678254103592997,3.0,True
2022-12-23,13,147843,Mahindra Manulife Large & Mid Cap Fund - Regular Plan - Growth,0.13288554405764727,0.17492705619934854,-0.18885080902733423,0.07375009641321559,0.1787259598599581,0.9645551198517437,0.06765741906699337,-0.013344905200706586,0.12402080894156842,4.0,0.049821405063028554,9.0,True
2022-12-23,13,148471,Baroda BNP Paribas Large and Mid Cap Fund-Regular Plan-Growth Option,0.004610283289350845,0.006170141064579426,-0.20207547169811313,0.050780591520283684,0.16931530478548373,0.93560673211327,0.05479318942615867,-0.04283580810408441,0.11718517415897578,6.0,-0.17666531587300432,11.0,True
2022-12-23,13,152225,Whiteoak Capital Large & Mid Cap Fund Regular Plan Growth,,,,,,,,,,,,,False
2022-12-23,13,152383,PGIM India Large and Midcap Fund - Regular Plan - Growth Option,,,,,,,,,,,,,False
2022-12-23,13,152406,Bajaj Finserv Large and Mid Cap Fund- Regular Plan- Growth,,,,,,,,,,,,,False
2022-12-23,13,152943,Helios Large & Mid Cap Fund - Regular Plan - Growth Option,,,,,,,,,,,,,False
2022-12-23,13,153533,Samco Large & Mid Cap Fund - Regular Plan - Growth Option,,,,,,,,,,,,,False
2022-12-23,13,153627,JM Large & Mid Cap Fund (Regular) - Growth Option,,,,,,,,,,,,,False
2023-06-28,14,100033,Aditya Birla Sun Life Large & Mid Cap Fund - Regular Growth,1.2421988432213253,1.7206447867941057,-0.11782777200113427,0.19622178812938537,0.11771206270825102,0.8951063003113954,0.04921385590721192,0.008666686048698065,0.17302618382681945,11.0,-0.6017086204761932,15.0,True
2023-06-28,14,100664,UTI Large & Mid Cap Fund - Regular Plan - Growth Option,1.8034276132828806,2.5149148522211946,-0.08485089824267363,0.2478680112354465,0.10971774513048316,0.8255220145973008,0.051316263568306965,0.07419892318821958,0.23100335683654305,4.0,0.07445057495865515,6.0,True
2023-06-28,14,101824,Tata Large & Mid Cap Fund- Regular Plan - Growth Option,2.0786009823307525,2.8645125122352573,-0.09442165681139712,0.279735739907879,0.11052421405587644,0.8224049502269044,0.05399689937766582,0.10830217229915046,0.14836132624725096,14.0,0.6222634832405293,3.0,True
2023-06-28,14,102920,CANARA ROBECO LARGE AND MID CAP FUND - REGULAR PLAN - GROWTH OPTION,1.3608621245148822,1.8409135433459243,-0.10186283815851932,0.19606220199343544,0.10733063942499213,0.8265263718702552,0.0456463922261329,0.011870420127291555,0.15366826617332485,13.0,-0.5739744340891118,14.0,True
2023-06-28,14,103819,DSP Large & Mid Cap Fund - Regular Plan - Growth,1.688178812673079,2.4167627971643157,-0.09342781971786301,0.2375845811727622,0.11111653562085586,0.843830493706832,0.04887903136104014,0.06318977917659219,0.24036626851165055,3.0,-0.005597537961771308,7.0,True
2023-06-28,14,105001,Sundaram Large and Midcap Fund Regular Plan - Growth,1.4444404077940354,1.9099579481024271,-0.10743112041346,0.21630029230957826,0.11513129334532668,0.8930255017065365,0.04378404273281265,0.04032515859133783,0.18680428994383513,10.0,-0.40649141318655746,12.0,True
2023-06-28,14,108596,Bandhan Large & Mid Cap Fund - Regular Plan - Growth,1.9069268534993,2.6439742423893344,-0.09023459950885628,0.27204467777028085,0.11644110908754503,0.8933874624225572,0.04600976762615393,0.11100050881255061,0.2689671561147662,1.0,0.29569770110493804,5.0,True
2023-06-28,14,110603,BANK OF INDIA Large & Mid Cap Fund Regular Plan- Growth,1.539696894132244,2.0436092451558876,-0.09328802039082416,0.23412789281884144,0.1195871041375413,0.8837052816495803,0.05590852356257458,0.04830275056061872,0.22414366478217507,6.0,-0.37280520148007235,11.0,True
2023-06-28,14,118049,L&T Large and Midcap Fund-Regular Plan-Growth,2.965816714893359,3.7799223461007365,-0.05057770192477,0.43915317661365044,0.13121282062355744,0.8826488805089021,0.06155286073203525,0.028807758949359493,,,1.5499454778922566,1.0,False
2023-06-28,14,133711,LIC MF Large & Mid Cap Fund-Regular Plan-Growth,1.0463682347026813,1.387805830135711,-0.13584760213973696,0.1599673179954403,0.10509428167674352,0.7846205939077948,0.05324626562907898,-0.030838026277401766,0.2068186054258554,7.0,-0.8122902139951378,16.0,True
2023-06-28,14,140172,Edelweiss Large & Mid Cap Fund - Regular Plan - Growth Option,1.6517444722541927,2.2995189115630255,-0.10300905220222552,0.23786830583535115,0.11373932771753788,0.8731008090525706,0.0463034722132425,0.06674946315581283,0.18900296286088336,9.0,-0.021858043620368896,8.0,True
2023-06-28,14,145112,Axis Large & Mid Cap Fund - Regular Plan - Growth,1.6851210736659648,2.478580072292181,-0.12886352829291492,0.2481414303667086,0.11758290455394636,0.8116270217885462,0.06951743410694407,0.05534532105990517,0.1328264758497315,15.0,0.3647216371505175,4.0,True
2023-06-28,14,146771,HSBC Large & Mid Cap Fund - Regular Growth,1.6415168811148704,2.228663986434997,-0.07851387535012282,0.2414153665255863,0.11660883218915341,0.8805971510968753,0.050088832357591574,0.06312551277681348,0.16916363552517044,12.0,-0.3063928730739922,10.0,True
2023-06-28,14,147701,Motilal Oswal Large and Midcap Fund - Regular Plan Growth,2.4405811958692074,3.355958955740108,-0.07341634961671763,0.33000660659354847,0.11472947798969862,0.8085193720640137,0.06399489280313565,0.13614666020782507,0.2452128406673153,2.0,1.0474305457090751,2.0,True
2023-06-28,14,147843,Mahindra Manulife Large & Mid Cap Fund - Regular Plan - Growth,1.3092769010038252,1.737462980081591,-0.11631573083778979,0.2205560415195191,0.13026735703406483,0.9572707045811583,0.05962047599076859,0.026776715753829235,0.22753532923843478,5.0,-0.5483694666278238,13.0,True
2023-06-28,14,148471,Baroda BNP Paribas Large and Mid Cap Fund-Regular Plan-Growth Option,1.5999093408019918,2.078054730082213,-0.09272243151481331,0.23752939192078387,0.11721251144566762,0.882949705914736,0.05109324627110639,0.05796657729512956,0.1949357671851928,8.0,-0.30502161554494633,9.0,True
2023-06-28,14,152225,Whiteoak Capital Large & Mid Cap Fund Regular Plan Growth,,,,,,,,,,,,,False
2023-06-28,14,152383,PGIM India Large and Midcap Fund - Regular Plan - Growth Option,,,,,,,,,,,,,False
2023-06-28,14,152406,Bajaj Finserv Large and Mid Cap Fund- Regular Plan- Growth,,,,,,,,,,,,,False
2023-06-28,14,152943,Helios Large & Mid Cap Fund - Regular Plan - Growth Option,,,,,,,,,,,,,False
2023-06-28,14,153533,Samco Large & Mid Cap Fund - Regular Plan - Growth Option,,,,,,,,,,,,,False
2023-06-28,14,153627,JM Large & Mid Cap Fund (Regular) - Growth Option,,,,,,,,,,,,,False
2024-01-03,15,100033,Aditya Birla Sun Life Large & Mid Cap Fund - Regular Growth,2.1502818556641703,2.7032898292905183,-0.07588506998227766,0.26401430133648224,0.09952848775277343,0.8499287275966532,0.0528857846570743,0.033616021887686566,0.18917461361394294,15.0,-0.6102619116515782,15.0,True
2024-01-03,15,100664,UTI Large & Mid Cap Fund - Regular Plan - Growth Option,3.0022851448230994,4.139892940910347,-0.06602710819240426,0.3309974999441539,0.09359454095447384,0.823929835399747,0.04700547149612835,0.12584504079614103,0.2574691047947095,5.0,0.5777627177458958,4.0,True
2024-01-03,15,101824,Tata Large & Mid Cap Fund- Regular Plan - Growth Option,2.1325956003159177,2.8397481225207555,-0.06922827071456134,0.23644249154460723,0.08742515060848301,0.7462333602697293,0.0511674886857265,-0.0003065094879119263,0.17805895025332696,16.0,-0.5910178829388202,14.0,False
2024-01-03,15,102920,CANARA ROBECO LARGE AND MID CAP FUND - REGULAR PLAN - GROWTH OPTION,2.044990252638699,2.8000777597195947,-0.07264931087289442,0.2331912031852053,0.0895804774369117,0.7870877076331054,0.04685933186085807,0.0016640189164549978,0.24830869456276616,7.0,-0.6125950732497144,16.0,True
2024-01-03,15,103819,DSP Large & Mid Cap Fund - Regular Plan - Growth,2.7724158415446674,3.7329398938814804,-0.07445361091914317,0.31622009873250245,0.0960245915288727,0.8487741485730212,0.04634516495792747,0.10586241253465649,0.2532426290762271,6.0,0.30425740082398073,6.0,True
2024-01-03,15,105001,Sundaram Large and Midcap Fund Regular Plan - Growth,2.334913169778116,3.0789769905170825,-0.08154481870382624,0.2685541569387364,0.09360269142663899,0.846685870760273,0.04176252592542084,0.05114885987508618,0.20197547003399485,13.0,-0.22613118858035108,9.0,True
2024-01-03,15,108596,Bandhan Large & Mid Cap Fund - Regular Plan - Growth,3.108791170072632,4.094286049828395,-0.06681851678167092,0.34990514382727117,0.09647001918763957,0.8544846133277009,0.045082364337581525,0.15157912496229056,0.2707300485910564,3.0,0.5905352960828475,3.0,True
2024-01-03,15,110603,BANK OF INDIA Large & Mid Cap Fund Regular Plan- Growth,2.3857173667961162,3.0883447707461764,-0.07151557334261353,0.29303330830969504,0.10187011742974195,0.8782852286463096,0.05144365003211185,0.06705248852113899,0.22806302635153486,11.0,-0.30755208192245587,12.0,True
2024-01-03,15,118049,L&T Large and Midcap Fund-Regular Plan-Growth,,,,,,,,,,,,,False
2024-01-03,15,133711,LIC MF Large & Mid Cap Fund-Regular Plan-Growth,2.336743501212259,2.984910847618113,-0.08036609517811709,0.26349436962901707,0.09136405836509666,0.7601453148943774,0.05561675639703773,0.03162676133659266,0.28450782905870575,2.0,-0.30344858531038993,11.0,True
2024-01-03,15,140172,Edelweiss Large & Mid Cap Fund - Regular Plan - Growth Option,2.4186082226785546,3.378301906195958,-0.07321491284819132,0.2851335616059911,0.09721854056445156,0.8434401970354014,0.049853604589682375,0.06377629198932064,0.2294709086694482,10.0,-0.07640045676115217,7.0,True
2024-01-03,15,145112,Axis Large & Mid Cap Fund - Regular Plan - Growth,2.7352559666113416,4.087672580019422,-0.06530612244897964,0.2970169254295836,0.09030852265559937,0.6396569100820769,0.07239498514478598,0.05803244333988186,0.24753257007500995,8.0,0.44288787792655143,5.0,True
2024-01-03,15,146771,HSBC Large & Mid Cap Fund - Regular Growth,2.4361840879240786,3.108279239005311,-0.0673139966904993,0.29772472791677856,0.10168555370865666,0.802105676903358,0.06404821254859917,0.06217933767428712,0.33458236984957335,1.0,-0.32056666711295195,13.0,True
2024-01-03,15,147701,Motilal Oswal Large and Midcap Fund - Regular Plan Growth,3.3383594114721666,4.475963338491978,-0.053247202676202636,0.3659323990443624,0.09463702379038962,0.7238781617219584,0.06494301385786971,0.11968347801733852,0.2622163921277012,4.0,0.7923295096432565,2.0,True
2024-01-03,15,147843,Mahindra Manulife Large & Mid Cap Fund - Regular Plan - Growth,2.484103246579767,3.0282929925131654,-0.09106066509293424,0.33407419656522214,0.11435683961862263,0.9401169408841201,0.0630544701066386,0.08837011944622619,0.19705545301059368,14.0,-0.11081229211071253,8.0,True
2024-01-03,15,148471,Baroda BNP Paribas Large and Mid Cap Fund-Regular Plan-Growth Option,2.42786177193323,3.096119086253361,-0.070270242791492,0.2985772352950352,0.10238525033371282,0.8585715699314173,0.056189208779144066,0.06527243500552438,0.2450392354545412,9.0,-0.3008536476753625,10.0,True
2024-01-03,15,152225,Whiteoak Capital Large & Mid Cap Fund Regular Plan Growth,7.01030859427134,,-0.00334711557393177,0.40116432767666477,0.05009256339494499,,,,0.22396914862058748,12.0,1.2531116418182606,1.0,True
2024-01-03,15,152383,PGIM India Large and Midcap Fund - Regular Plan - Growth Option,,,,,,,,,,,,,False
2024-01-03,15,152406,Bajaj Finserv Large and Mid Cap Fund- Regular Plan- Growth,,,,,,,,,,,,,False
2024-01-03,15,152943,Helios Large & Mid Cap Fund - Regular Plan - Growth Option,,,,,,,,,,,,,False
2024-01-03,15,153533,Samco Large & Mid Cap Fund - Regular Plan - Growth Option,,,,,,,,,,,,,False
2024-01-03,15,153627,JM Large & Mid Cap Fund (Regular) - Growth Option,,,,,,,,,,,,,False
2024-07-09,16,100033,Aditya Birla Sun Life Large & Mid Cap Fund - Regular Growth,2.038061166847277,1.9177091911873898,-0.07588506998227766,0.3417471585614259,0.14314936337889028,1.0051998357549856,0.053965451645628215,0.02688103982830593,-0.02975433318216525,15.0,-0.9248724885443699,17.0,True
2024-07-09,16,100664,UTI Large & Mid Cap Fund - Regular Plan - Growth Option,3.047068568837114,3.1193646621094966,-0.057127088056732354,0.4409691562516731,0.12830993048537898,0.9064398348645868,0.04792923014688656,0.1541489192014122,0.0009632328654363143,9.0,0.9724419316951576,2.0,True
2024-07-09,16,101824,Tata Large & Mid Cap Fund- Regular Plan - Growth Option,2.055580058048774,2.007218989845086,-0.06922827071456134,0.30851873699180776,0.12576437292216314,0.8824349254007026,0.05003036096134524,-0.01839130092201695,-0.03490012156329225,16.0,-0.9262702062239722,18.0,False
2024-07-09,16,102920,CANARA ROBECO LARGE AND MID CAP FUND - REGULAR PLAN - GROWTH OPTION,2.5262135212760377,2.8038882930041016,-0.06908158358711321,0.3687626668190089,0.12618199694299634,0.8781506684903689,0.05258658242088113,0.063384446926848,0.004857486953030898,7.0,0.31246857059461997,8.0,True
2024-07-09,16,103819,DSP Large & Mid Cap Fund - Regular Plan - Growth,2.82901931190252,2.7745072015653567,-0.07016576050921643,0.44816832329746675,0.1407442931273941,0.9930596278709618,0.05133708042733766,0.15495863548708472,-0.018193186399124706,14.0,0.6225762225575974,4.0,True
2024-07-09,16,105001,Sundaram Large and Midcap Fund Regular Plan - Growth,2.286641049858324,2.203952163557236,-0.07008075096642775,0.363002322124713,0.1368830154361596,0.983047858359505,0.04369836343711223,0.06240614461144672,-0.0032936879687776033,11.0,-0.4849567470616193,13.0,True
2024-07-09,16,108596,Bandhan Large & Mid Cap Fund - Regular Plan - Growth,3.08208314145216,2.8171876039778665,-0.06684405271691682,0.4856619114031894,0.14135306914463128,0.9720108815799939,0.05956740041904093,0.17233456573865186,-0.0033274643790672798,12.0,0.8787546203721762,3.0,True
2024-07-09,16,110603,BANK OF INDIA Large & Mid Cap Fund Regular Plan- Growth,2.352192712953116,2.095262513191206,-0.08641975308641978,0.41888216734824796,0.15682480662272189,1.096699726839217,0.061921734045044106,0.10137417790838034,-0.05287025771485454,18.0,-0.26309332073256403,11.0,False
2024-07-09,16,118049,L&T Large and Midcap Fund-Regular Plan-Growth,,,,,,,,,,,,,False
2024-07-09,16,133711,LIC MF Large & Mid Cap Fund-Regular Plan-Growth,2.797484799687212,2.766112093420961,-0.07120309056961349,0.45229438498342106,0.14380574472769322,0.9839393047300049,0.06203633679794162,0.1339695843782077,-0.0007930518425663946,10.0,0.5974679317854351,5.0,True
2024-07-09,16,140172,Edelweiss Large & Mid Cap Fund - Regular Plan - Growth Option,2.4179045706253106,2.4626654411786566,-0.06663352200295757,0.3870088914635471,0.13938055933133503,0.9724874971299617,0.054651930512872086,0.08259003870910919,0.007977563838186263,5.0,-0.15832764129602817,10.0,True
2024-07-09,16,145112,Axis Large & Mid Cap Fund - Regular Plan - Growth,2.684243885277835,2.955876094204899,-0.05229860818220169,0.3492661866867173,0.11148993887183302,0.7093707555282376,0.07200969162824795,0.027449673799117304,0.0034810126582278667,8.0,0.360834372340063,7.0,True
2024-07-09,16,146771,HSBC Large & Mid Cap Fund - Regular Growth,2.4210727846499616,2.2346875810617655,-0.09192229200613822,0.45913169855205693,0.16898777316651772,1.0951220679338944,0.08889943536550149,0.10222966156745417,0.01427494790973971,3.0,0.02527790964280424,9.0,True
2024-07-09,16,147701,Motilal Oswal Large and Midcap Fund - Regular Plan Growth,2.6883636258099712,2.7019023025598474,-0.07595954549180493,0.46509812109606713,0.15440549675306783,0.9464664884031899,0.09154325271688335,0.0991862581842308,0.12278826231721918,1.0,0.49593240561585483,6.0,True
2024-07-09,16,147843,Mahindra Manulife Large & Mid Cap Fund - Regular Plan - Growth,2.0019510390858355,1.8126625001262748,-0.0938165435105834,0.40086205639709105,0.17526005858630178,1.1726409706863898,0.08574289885451958,0.058135971158123065,-0.03872799421217632,17.0,-0.7825352498158811,15.0,False
2024-07-09,16,148471,Baroda BNP Paribas Large and Mid Cap Fund-Regular Plan-Growth Option,2.3590308801071402,2.290542173772115,-0.0729967693944283,0.40491379259984883,0.15044898122899086,1.0133150644113618,0.06915354005589315,0.07382167288515128,0.011254529239013156,4.0,-0.2822924664074993,12.0,True
2024-07-09,16,152225,Whiteoak Capital Large & Mid Cap Fund Regular Plan Growth,2.154049343841231,2.0304320799320226,-0.06915306915306917,0.40314549658028553,0.1639449428537859,0.9865316240779656,0.049630185705048034,0.09783087742415567,0.01631927613507833,2.0,-0.8015249919344072,16.0,True
2024-07-09,16,152383,PGIM India Large and Midcap Fund - Regular Plan - Growth Option,2.372108411503659,2.148457320488554,-0.05191256830601095,0.40463517045938324,0.14950209220605698,0.8284105818652026,0.05990315881706277,0.07452286138731513,0.006768189509306355,6.0,-0.7283566575836857,14.0,True
2024-07-09,16,152406,Bajaj Finserv Large and Mid Cap Fund- Regular Plan- Growth,3.2967030052723194,3.1490285317854307,-0.04566829444745876,0.5074187929975666,0.1387503794748967,0.73656891735214,0.06906060343501229,0.13161662169326938,-0.00871386677838304,13.0,1.0864758049963308,1.0,True
2024-07-09,16,152943,Helios Large & Mid Cap Fund - Regular Plan - Growth Option,,,,,,,,,,,,,False
2024-07-09,16,153533,Samco Large & Mid Cap Fund - Regular Plan - Growth Option,,,,,,,,,,,,,False
2024-07-09,16,153627,JM Large & Mid Cap Fund (Regular) - Growth Option,,,,,,,,,,,,,False
2025-01-08,17,100033,Aditya Birla Sun Life Large & Mid Cap Fund - Regular Growth,0.7237407326624126,0.7418577669172437,-0.11491465445462112,0.1640429593165586,0.15757432761457388,0.9934436938350426,0.0567044326195635,0.03709950494643493,0.040243054368024556,10.0,-0.7957725054540337,15.0,True
2025-01-08,17,100664,UTI Large & Mid Cap Fund - Regular Plan - Growth Option,1.3920344108388658,1.5447818623162752,-0.0945628088224414,0.24654782952408516,0.14119466300092534,0.8942867341006715,0.05161101669409829,0.14334707824762039,0.04613136887012281,6.0,0.5990857418691075,4.0,True
2025-01-08,17,101824,Tata Large & Mid Cap Fund- Regular Plan - Growth Option,0.670152348398889,0.7073316790146152,-0.10012066781381733,0.146979717329382,0.14471294111120198,0.9037048656328482,0.05729704335628374,0.019335214311638326,0.05270676176391986,3.0,-1.1084337211850426,17.0,True
2025-01-08,17,102920,CANARA ROBECO LARGE AND MID CAP FUND - REGULAR PLAN - GROWTH OPTION,1.3275187916721027,1.586238064948749,-0.09524880095923256,0.2504674824946412,0.15100914861034737,0.9312794825343728,0.06280459098399109,0.12329157426732598,0.033358635292237704,12.0,0.5737229268636141,5.0,True
2025-01-08,17,103819,DSP Large & Mid Cap Fund - Regular Plan - Growth,1.137039519827704,1.2186432225685182,-0.09294554550999452,0.22532525773246595,0.15419451538415588,0.9795071600744558,0.05268756429687963,0.11641189458876076,0.046489178780555696,4.0,-0.08728896176323676,12.0,True
2025-01-08,17,105001,Sundaram Large and Midcap Fund Regular Plan - Growth,0.9959419226134186,1.0530362955977088,-0.08584594100058011,0.20082968804309673,0.1514442605722527,0.9700602829514255,0.04832878193026682,0.09332476484364448,0.020141927444746077,15.0,-0.5391059746586815,14.0,True
2025-01-08,17,108596,Bandhan Large & Mid Cap Fund - Regular Plan - Growth,1.3411590999016103,1.3856232284453451,-0.10733905579399151,0.2584999647306174,0.1554625135421394,0.9614070389197493,0.0630884459497487,0.12920158682746996,0.040646547027969326,9.0,0.5470128321001342,6.0,True
2025-01-08,17,110603,BANK OF INDIA Large & Mid Cap Fund Regular Plan- Growth,0.7165788435807287,0.7309869498977315,-0.10483184333759041,0.17406363674482814,0.17313326768745368,1.0772123537606042,0.06862804745836355,0.038644910216271935,0.035034450543034,11.0,-0.959133264590992,16.0,True
2025-01-08,17,118049,L&T Large and Midcap Fund-Regular Plan-Growth,,,,,,,,,,,,,False
2025-01-08,17,133711,LIC MF Large & Mid Cap Fund-Regular Plan-Growth,1.3382558531673365,1.4771839954343629,-0.08542310325618836,0.26816005681668276,0.16301819738008197,0.9952700908664008,0.07001569411000708,0.12420016871433794,0.0029903862155484795,18.0,0.33090317157166477,8.0,False
2025-01-08,17,140172,Edelweiss Large & Mid Cap Fund - Regular Plan - Growth Option,1.2027122244162443,1.341863828023982,-0.08549373565679526,0.23811799299293218,0.15641147497626745,0.9910891147024411,0.05448035154883972,0.13197353356325775,0.024199205050268846,14.0,0.01998323214666131,11.0,True
2025-01-08,17,145112,Axis Large & Mid Cap Fund - Regular Plan - Growth,1.4701700819103207,1.698867335892479,-0.08761061946902651,0.24276684855489272,0.13111873988376502,0.7908882982118469,0.0671249866584716,0.10652512997761367,0.031535793125197165,13.0,0.761849633475852,2.0,True
2025-01-08,17,146771,HSBC Large & Mid Cap Fund - Regular Growth,1.4865811175994488,1.5114907787174707,-0.09712531106448531,0.3422933289187445,0.196621176912797,1.1375608787715294,0.10431588121328456,0.12854676219931913,-0.02942290601279196,19.0,0.7162302791966032,3.0,False
2025-01-08,17,147701,Motilal Oswal Large and Midcap Fund - Regular Plan Growth,1.7877039651057745,2.0505544292630877,-0.11674727380572163,0.3837670281995931,0.18670150915050693,0.9865179120897467,0.11751661720876999,0.13932889868860907,0.007805752320648951,17.0,1.9426433325069061,1.0,False
2025-01-08,17,147843,Mahindra Manulife Large & Mid Cap Fund - Regular Plan - Growth,0.6282364935941108,0.6285848736208743,-0.10382013557340321,0.16534503076633944,0.18360129018684698,1.1126265169999312,0.08344908720574912,0.027480461949894775,0.044830640225939744,7.0,-1.1919838857451504,18.0,True
2025-01-08,17,148471,Baroda BNP Paribas Large and Mid Cap Fund-Regular Plan-Growth Option,1.269515151012173,1.3245348319115773,-0.09012606417248638,0.25341909482548186,0.16023368816299494,0.9719039168046272,0.07111311690444805,0.11104990586689006,0.008789765200352795,16.0,0.14937610243999924,9.0,False
2025-01-08,17,152225,Whiteoak Capital Large & Mid Cap Fund Regular Plan Growth,1.2603085418374478,1.3695891912730378,-0.08040504798609537,0.24088159106969592,0.151456238479034,0.9682444232533218,0.048959036044167785,0.14195515716030419,0.043243243243243246,8.0,0.04851970577817766,10.0,True
2025-01-08,17,152383,PGIM India Large and Midcap Fund - Regular Plan - Growth Option,1.091483463949582,1.2113701024605286,-0.09707971586424628,0.20071007095915516,0.1380781990171469,0.8587383800885195,0.05454117332756634,0.10826898377563611,0.0596638655462185,2.0,-0.09261465325887147,13.0,True
2025-01-08,17,152406,Bajaj Finserv Large and Mid Cap Fund- Regular Plan- Growth,1.2883559190232958,1.4532341786789356,-0.0926027828000944,0.21093840719862136,0.12491766042463567,0.7607413278379882,0.06037014255862129,0.10860830812354079,0.04623446876848969,5.0,0.34552614126475145,7.0,True
2025-01-08,17,152943,Helios Large & Mid Cap Fund - Regular Plan - Growth Option,0.7436296456462419,1.1111626833525476,-0.0524835988753515,0.15243465533546016,0.13774955844645054,0.8674532372607573,0.060479274428776826,0.2512771325943712,0.062062062062061996,1.0,-1.2605201325574602,19.0,True
2025-01-08,17,153533,Samco Large & Mid Cap Fund - Regular Plan - Growth Option,,,,,,,,,,,,,False
2025-01-08,17,153627,JM Large & Mid Cap Fund (Regular) - Growth Option,,,,,,,,,,,,,False
