date,nav
19-11-2025,26640.50
18-11-2025,26519.00
17-11-2025,26639.40
14-11-2025,26528.00
13-11-2025,26505.60
12-11-2025,26500.00
11-11-2025,26340.00
10-11-2025,26230.80
07-11-2025,26144.20
06-11-2025,26154.95
04-11-2025,26284.45
03-11-2025,26445.85
31-10-2025,26369.50
30-10-2025,26518.85
29-10-2025,26679.25
28-10-2025,26517.45
27-10-2025,26565.00
24-10-2025,26402.80
23-10-2025,26490.05
21-10-2025,26475.85
20-10-2025,26449.75
17-10-2025,26329.80
16-10-2025,26229.20
15-10-2025,25984.05
14-10-2025,25775.15
13-10-2025,25867.75
10-10-2025,25924.75
09-10-2025,25825.70
08-10-2025,25685.90
07-10-2025,25772.25
06-10-2025,25740.95
03-10-2025,25569.30
01-10-2025,25502.95
30-09-2025,25295.15
29-09-2025,25314.85
26-09-2025,25287.10
25-09-2025,25562.00
24-09-2025,25736.35
23-09-2025,25886.00
22-09-2025,25934.50
19-09-2025,26025.85
18-09-2025,26081.85
17-09-2025,25990.45
16-09-2025,25903.55
15-09-2025,25733.55
12-09-2025,25745.10
11-09-2025,25638.75
10-09-2025,25596.95
09-09-2025,25489.20
08-09-2025,25402.00
05-09-2025,25356.85
04-09-2025,25355.15
03-09-2025,25358.90
02-09-2025,25215.05
01-09-2025,25231.20
29-08-2025,25003.05
28-08-2025,25078.50
26-08-2025,25313.50
25-08-2025,25589.70
22-08-2025,25495.60
21-08-2025,25705.10
20-08-2025,25689.30
19-08-2025,25613.30
18-08-2025,25492.35
14-08-2025,25226.25
13-08-2025,25223.25
12-08-2025,25085.40
11-08-2025,25172.20
08-08-2025,24934.05
07-08-2025,25185.15
06-08-2025,25156.35
05-08-2025,25257.95
04-08-2025,25330.20
01-08-2025,25149.60
31-07-2025,25380.50
30-07-2025,25476.05
29-07-2025,25443.65
28-07-2025,25285.00
25-07-2025,25442.10
24-07-2025,25701.90
23-07-2025,25846.00
22-07-2025,25703.90
21-07-2025,25745.35
18-07-2025,25623.50
17-07-2025,25776.45
16-07-2025,25872.20
15-07-2025,25849.15
14-07-2025,25724.15
11-07-2025,25760.80
10-07-2025,25971.35
09-07-2025,26084.00
08-07-2025,26126.05
07-07-2025,26074.55
04-07-2025,26066.65
03-07-2025,26003.00
02-07-2025,26068.05
01-07-2025,26156.10
30-06-2025,26139.50
27-06-2025,26223.60
26-06-2025,26121.10
25-06-2025,25822.35
24-06-2025,25631.60
23-06-2025,25532.95
20-06-2025,25648.80
19-06-2025,25320.45
18-06-2025,25398.05
17-06-2025,25446.70
16-06-2025,25556.75
13-06-2025,25331.35
12-06-2025,25511.55
11-06-2025,25807.10
10-06-2025,25785.50
09-06-2025,25779.45
06-06-2025,25638.80
05-06-2025,25369.75
04-06-2025,25240.65
03-06-2025,25162.05
02-06-2025,25333.65
30-05-2025,25344.25
29-05-2025,25436.30
28-05-2025,25361.10
27-05-2025,25436.35
26-05-2025,25596.50
23-05-2025,25453.00
22-05-2025,25221.90
21-05-2025,25409.10
20-05-2025,25248.65
19-05-2025,25551.50
16-05-2025,25593.10
15-05-2025,25573.05
14-05-2025,25193.30
13-05-2025,25087.10
12-05-2025,25381.40
09-05-2025,24437.55
08-05-2025,24678.00
07-05-2025,24887.20
06-05-2025,24837.45
05-05-2025,25010.20
02-05-2025,24849.20
30-04-2025,24843.80
29-04-2025,24870.40
28-04-2025,24874.00
25-04-2025,24581.30
24-04-2025,24860.90
23-04-2025,24937.00
22-04-2025,24770.45
21-04-2025,24725.80
17-04-2025,24418.35
16-04-2025,24037.25
15-04-2025,23917.40
11-04-2025,23369.25
09-04-2025,22952.45
08-04-2025,23077.65
07-04-2025,22677.90
04-04-2025,23433.25
03-04-2025,23833.30
02-04-2025,23901.85
01-04-2025,23713.80
28-03-2025,24057.35
27-03-2025,24145.05
26-03-2025,23990.40
25-03-2025,24159.90
24-03-2025,24214.20
21-03-2025,23902.10
20-03-2025,23730.70
19-03-2025,23468.35
18-03-2025,23340.40
17-03-2025,22960.80
13-03-2025,22837.85
12-03-2025,22919.90
11-03-2025,22942.70
10-03-2025,22890.75
07-03-2025,23027.70
06-03-2025,23038.80
05-03-2025,22818.80
04-03-2025,22504.90
03-03-2025,22514.20
28-02-2025,22479.45
27-02-2025,22948.30
25-02-2025,22987.15
24-02-2025,23021.70
21-02-2025,23274.05
20-02-2025,23411.40
19-02-2025,23368.55
18-02-2025,23331.40
17-02-2025,23343.15
14-02-2025,23325.15
13-02-2025,23504.85
12-02-2025,23508.35
11-02-2025,23530.80
10-02-2025,23897.00
07-02-2025,24125.50
06-02-2025,24161.00
05-02-2025,24271.35
04-02-2025,24279.65
03-02-2025,23896.15
01-02-2025,24056.65
31-01-2025,24053.45
30-01-2025,23772.50
29-01-2025,23696.25
28-01-2025,23440.05
27-01-2025,23319.95
24-01-2025,23660.20
23-01-2025,23823.25
22-01-2025,23738.40
21-01-2025,23664.75
20-01-2025,24048.80
17-01-2025,23926.00
16-01-2025,23984.55
15-01-2025,23839.25
14-01-2025,23770.60
13-01-2025,23586.80
10-01-2025,24064.75
09-01-2025,24232.30
08-01-2025,24426.00
07-01-2025,24478.10
06-01-2025,24404.60
03-01-2025,24879.85
02-01-2025,25028.80
01-01-2025,24595.70
31-12-2024,24495.55
30-12-2024,24500.75
27-12-2024,24632.00
26-12-2024,24611.35
24-12-2024,24572.50
23-12-2024,24599.75
20-12-2024,24448.85
19-12-2024,24884.95
18-12-2024,25137.60
17-12-2024,25321.65
16-12-2024,25652.85
13-12-2024,25724.60
12-12-2024,25546.40
11-12-2024,25635.05
10-12-2024,25600.20
09-12-2024,25594.20
06-12-2024,25663.90
05-12-2024,25657.85
04-12-2024,25428.40
03-12-2024,25393.25
02-12-2024,25198.15
29-11-2024,25053.95
28-11-2024,24836.25
27-11-2024,25115.15
26-11-2024,24983.10
25-11-2024,24993.65
22-11-2024,24655.35
21-11-2024,24135.10
19-11-2024,24374.70
18-11-2024,24301.00
14-11-2024,24366.05
13-11-2024,24347.00
12-11-2024,24715.55
11-11-2024,25013.30
08-11-2024,25002.95
07-11-2024,25110.70
06-11-2024,25403.15
05-11-2024,25060.80
04-11-2024,24857.75
01-11-2024,25184.60
31-10-2024,25059.50
30-10-2024,25195.05
29-10-2024,25321.30
28-10-2024,25175.20
25-10-2024,25022.20
24-10-2024,25275.50
23-10-2024,25320.65
22-10-2024,25348.05
21-10-2024,25739.50
18-10-2024,25853.80
17-10-2024,25765.35
16-10-2024,26058.10
15-10-2024,26149.10
14-10-2024,26197.90
11-10-2024,26054.10
10-10-2024,26079.45
09-10-2024,26076.60
08-10-2024,26057.35
07-10-2024,25749.65
04-10-2024,26056.00
03-10-2024,26305.25
01-10-2024,26885.25
30-09-2024,26890.15
27-09-2024,27253.85
26-09-2024,27256.25
25-09-2024,27051.65
24-09-2024,27027.50
23-09-2024,27024.10
20-09-2024,26821.00
19-09-2024,26425.25
18-09-2024,26420.15
17-09-2024,26471.30
16-09-2024,26453.40
13-09-2024,26419.90
12-09-2024,26461.10
11-09-2024,25987.80
10-09-2024,26115.20
09-09-2024,26011.25
06-09-2024,25928.55
05-09-2024,26239.10
04-09-2024,26275.75
03-09-2024,26341.70
02-09-2024,26335.00
30-08-2024,26274.35
29-08-2024,26188.90
28-08-2024,26116.80
27-08-2024,26083.15
26-08-2024,26076.80
23-08-2024,25905.95
22-08-2024,25910.45
21-08-2024,25853.20
20-08-2024,25782.35
19-08-2024,25638.20
16-08-2024,25578.50
14-08-2024,25160.65
13-08-2024,25155.15
12-08-2024,25386.05
09-08-2024,25425.40
08-08-2024,25161.25
07-08-2024,25349.00
06-08-2024,24940.75
05-08-2024,25043.05
02-08-2024,25771.90
01-08-2024,26057.80
31-07-2024,26025.60
30-07-2024,25914.10
29-07-2024,25901.95
26-07-2024,25841.90
25-07-2024,25407.50
24-07-2024,25389.00
23-07-2024,25419.60
22-07-2024,25490.40
19-07-2024,25450.85
18-07-2024,25784.80
16-07-2024,25679.10
15-07-2024,25696.05
12-07-2024,25577.30
11-07-2024,25433.75
10-07-2024,25425.65
09-07-2024,25515.10
08-07-2024,25393.55
05-07-2024,25391.25
04-07-2024,25342.55
03-07-2024,25306.90
02-07-2024,25120.10
01-07-2024,25155.70
28-06-2024,25007.25
27-06-2024,25026.55
26-06-2024,24867.15
25-06-2024,24757.80
24-06-2024,24621.60
21-06-2024,24555.50
20-06-2024,24649.85
19-06-2024,24599.90
18-06-2024,24683.55
14-06-2024,24571.65
13-06-2024,24449.50
12-06-2024,24348.80
11-06-2024,24271.05
10-06-2024,24271.15
07-06-2024,24266.05
06-06-2024,23806.95
05-06-2024,23550.75
04-06-2024,22739.60
03-06-2024,24344.20
31-05-2024,23518.05
30-05-2024,23466.30
29-05-2024,23687.70
28-05-2024,23873.90
27-05-2024,23959.85
24-05-2024,23980.10
23-05-2024,23982.35
22-05-2024,23633.90
21-05-2024,23569.90
18-05-2024,23508.60
17-05-2024,23444.30
16-05-2024,23343.55
15-05-2024,23133.85
14-05-2024,23118.20
13-05-2024,22956.35
10-05-2024,22909.10
09-05-2024,22790.20
08-05-2024,23166.00
07-05-2024,23103.75
06-05-2024,23297.75
03-05-2024,23382.75
02-05-2024,23541.30
30-04-2024,23436.50
29-04-2024,23443.80
26-04-2024,23232.10
25-04-2024,23329.80
24-04-2024,23167.80
23-04-2024,23116.00
22-04-2024,23078.90
19-04-2024,22859.80
18-04-2024,22740.20
16-04-2024,22870.30
15-04-2024,22967.10
12-04-2024,23254.90
10-04-2024,23474.70
09-04-2024,23348.90
08-04-2024,23380.30
05-04-2024,23240.55
04-04-2024,23206.00
03-04-2024,23136.60
02-04-2024,23138.55
01-04-2024,23107.15
28-03-2024,22920.70
27-03-2024,22698.50
26-03-2024,22601.35
22-03-2024,22633.80
21-03-2024,22538.90
20-03-2024,22307.75
19-03-2024,22274.65
18-03-2024,22541.15
15-03-2024,22494.70
14-03-2024,22623.70
13-03-2024,22399.00
12-03-2024,22840.90
11-03-2024,22895.45
07-03-2024,23036.05
06-03-2024,22988.35
05-03-2024,22900.65
04-03-2024,22944.80
02-03-2024,22915.70
01-03-2024,22862.05
29-02-2024,22526.30
28-02-2024,22457.65
27-02-2024,22722.30
26-02-2024,22667.75
23-02-2024,22734.30
22-02-2024,22725.40
21-02-2024,22547.60
20-02-2024,22685.65
19-02-2024,22618.25
16-02-2024,22540.90
15-02-2024,22405.55
14-02-2024,22313.40
13-02-2024,22181.60
12-02-2024,22042.10
09-02-2024,22247.55
08-02-2024,22202.75
07-02-2024,22363.70
06-02-2024,22299.30
05-02-2024,22113.40
02-02-2024,22199.00
01-02-2024,22039.60
31-01-2024,22051.55
30-01-2024,21846.20
29-01-2024,22041.60
25-01-2024,21666.50
24-01-2024,21746.00
23-01-2024,21506.80
20-01-2024,21880.50
19-01-2024,21916.00
18-01-2024,21730.10
17-01-2024,21839.95
16-01-2024,22274.60
15-01-2024,22338.75
12-01-2024,22159.25
11-01-2024,21942.15
10-01-2024,21885.80
09-01-2024,21815.15
08-01-2024,21770.75
05-01-2024,21974.60
04-01-2024,21934.40
03-01-2024,21771.40
02-01-2024,21865.25
01-01-2024,21934.70
29-12-2023,21918.80
28-12-2023,21931.75
27-12-2023,21815.45
26-12-2023,21617.05
22-12-2023,21508.85
21-12-2023,21402.15
20-12-2023,21267.35
19-12-2023,21622.95
18-12-2023,21585.25
15-12-2023,21595.50
14-12-2023,21364.30
13-12-2023,21099.60
12-12-2023,21058.25
11-12-2023,21161.70
08-12-2023,21107.20
07-12-2023,21076.35
06-12-2023,21074.15
05-12-2023,20949.25
04-12-2023,20757.95
01-12-2023,20339.45
30-11-2023,20201.00
29-11-2023,20136.20
28-11-2023,19938.40
24-11-2023,19812.10
23-11-2023,19819.40
22-11-2023,19818.90
21-11-2023,19806.40
20-11-2023,19730.70
17-11-2023,19773.45
16-11-2023,19785.85
15-11-2023,19698.40
13-11-2023,19475.70
12-11-2023,19544.45
10-11-2023,19444.80
09-11-2023,19413.80
08-11-2023,19470.10
07-11-2023,19416.80
06-11-2023,19399.10
03-11-2023,19222.10
02-11-2023,19107.25
01-11-2023,18942.30
31-10-2023,19035.35
30-10-2023,19080.85
27-10-2023,18996.10
26-10-2023,18780.60
25-10-2023,19034.40
23-10-2023,19189.10
20-10-2023,19468.40
19-10-2023,19562.30
18-10-2023,19611.35
17-10-2023,19758.90
16-10-2023,19680.65
13-10-2023,19691.70
12-10-2023,19728.10
11-10-2023,19736.80
10-10-2023,19616.55
09-10-2023,19428.90
06-10-2023,19584.45
05-10-2023,19476.05
04-10-2023,19376.25
03-10-2023,19492.70
29-09-2023,19577.05
28-09-2023,19451.65
27-09-2023,19654.95
26-09-2023,19606.05
25-09-2023,19606.85
22-09-2023,19614.20
21-09-2023,19674.80
20-09-2023,19832.60
18-09-2023,20056.15
15-09-2023,20108.40
14-09-2023,20024.80
13-09-2023,19977.80
12-09-2023,19905.20
11-09-2023,19970.80
08-09-2023,19789.30
07-09-2023,19690.50
06-09-2023,19578.25
05-09-2023,19531.20
04-09-2023,19485.50
01-09-2023,19382.95
31-08-2023,19204.80
30-08-2023,19307.50
29-08-2023,19291.25
28-08-2023,19243.65
25-08-2023,19193.90
24-08-2023,19323.35
23-08-2023,19362.55
22-08-2023,19325.45
21-08-2023,19303.40
18-08-2023,19209.35
17-08-2023,19264.60
16-08-2023,19358.05
14-08-2023,19330.80
11-08-2023,19359.00
10-08-2023,19463.10
09-08-2023,19554.75
08-08-2023,19497.45
07-08-2023,19521.85
04-08-2023,19448.75
03-08-2023,19310.90
02-08-2023,19447.10
01-08-2023,19659.85
31-07-2023,19679.35
28-07-2023,19580.65
27-07-2023,19566.70
26-07-2023,19662.00
25-07-2023,19566.90
24-07-2023,19540.45
21-07-2023,19602.60
20-07-2023,19811.90
19-07-2023,19690.70
18-07-2023,19605.85
17-07-2023,19584.80
14-07-2023,19454.00
13-07-2023,19304.85
12-07-2023,19293.70
11-07-2023,19333.60
10-07-2023,19239.80
07-07-2023,19233.60
06-07-2023,19397.10
05-07-2023,19297.95
04-07-2023,19270.55
03-07-2023,19223.85
30-06-2023,19099.55
28-06-2023,18901.20
27-06-2023,18751.30
26-06-2023,18632.75
23-06-2023,18595.75
22-06-2023,18722.70
21-06-2023,18827.80
20-06-2023,18794.60
19-06-2023,18732.80
16-06-2023,18798.55
15-06-2023,18653.60
14-06-2023,18705.25
13-06-2023,18668.00
12-06-2023,18545.80
09-06-2023,18502.10
08-06-2023,18562.95
07-06-2023,18659.65
06-06-2023,18527.85
05-06-2023,18513.85
02-06-2023,18457.00
01-06-2023,18405.70
31-05-2023,18438.30
30-05-2023,18516.95
29-05-2023,18490.25
26-05-2023,18393.05
25-05-2023,18213.60
24-05-2023,18170.00
23-05-2023,18219.80
22-05-2023,18180.90
19-05-2023,18060.35
18-05-2023,17985.75
17-05-2023,18056.70
16-05-2023,18162.25
15-05-2023,18258.10
12-05-2023,18181.95
11-05-2023,18174.25
10-05-2023,18170.85
09-05-2023,18114.05
08-05-2023,18118.50
05-05-2023,17939.25
04-05-2023,18099.75
03-05-2023,17941.10
02-05-2023,17989.30
28-04-2023,17903.95
27-04-2023,17739.95
26-04-2023,17645.55
25-04-2023,17600.05
24-04-2023,17564.40
21-04-2023,17455.25
20-04-2023,17459.85
19-04-2023,17455.45
18-04-2023,17510.85
17-04-2023,17543.45
13-04-2023,17635.15
12-04-2023,17626.90
11-04-2023,17540.80
10-04-2023,17446.30
06-04-2023,17414.65
05-04-2023,17373.95
03-04-2023,17224.75
31-03-2023,17186.15
29-03-2023,16918.05
28-03-2023,16795.35
27-03-2023,16849.30
24-03-2023,16831.80
23-03-2023,16958.15
22-03-2023,17026.20
21-03-2023,16970.50
20-03-2023,16852.90
17-03-2023,16964.80
16-03-2023,16852.25
15-03-2023,16825.05
14-03-2023,16887.05
13-03-2023,16997.30
10-03-2023,17244.30
09-03-2023,17398.30
08-03-2023,17552.95
06-03-2023,17506.30
03-03-2023,17385.95
02-03-2023,17129.65
01-03-2023,17238.45
28-02-2023,17083.80
27-02-2023,17156.15
24-02-2023,17242.15
23-02-2023,17286.30
22-02-2023,17335.00
21-02-2023,17604.40
20-02-2023,17626.90
17-02-2023,17721.05
16-02-2023,17814.90
15-02-2023,17786.90
14-02-2023,17702.35
13-02-2023,17575.15
10-02-2023,17685.45
09-02-2023,17723.85
08-02-2023,17719.85
07-02-2023,17569.70
06-02-2023,17611.45
03-02-2023,17687.35
02-02-2023,17490.30
01-02-2023,17516.15
31-01-2023,17601.00
30-01-2023,17571.85
27-01-2023,17594.50
25-01-2023,17974.35
24-01-2023,18245.35
23-01-2023,18249.35
20-01-2023,18169.45
19-01-2023,18244.75
18-01-2023,18307.40
17-01-2023,18216.40
16-01-2023,18074.20
13-01-2023,18126.25
12-01-2023,18028.30
11-01-2023,18054.30
10-01-2023,18081.00
09-01-2023,18248.55
06-01-2023,18013.95
05-01-2023,18150.00
04-01-2023,18173.45
03-01-2023,18376.50
02-01-2023,18334.30
30-12-2022,18258.75
29-12-2022,18343.60
28-12-2022,18270.95
27-12-2022,18263.55
26-12-2022,18134.60
23-12-2022,17888.05
22-12-2022,18277.85
21-12-2022,18361.15
20-12-2022,18570.40
19-12-2022,18604.50
16-12-2022,18446.30
15-12-2022,18604.45
14-12-2022,18837.25
13-12-2022,18781.65
12-12-2022,18690.80
09-12-2022,18687.65
08-12-2022,18802.00
07-12-2022,18754.00
06-12-2022,18821.55
05-12-2022,18867.65
02-12-2022,18870.25
01-12-2022,18973.05
30-11-2022,18919.55
29-11-2022,18758.35
28-11-2022,18696.75
25-11-2022,18652.05
24-11-2022,18627.25
23-11-2022,18433.80
22-11-2022,18407.50
21-11-2022,18334.65
18-11-2022,18483.20
17-11-2022,18532.45
16-11-2022,18615.50
15-11-2022,18635.40
14-11-2022,18568.40
11-11-2022,18573.35
10-11-2022,18267.10
09-11-2022,18406.25
07-11-2022,18450.15
04-11-2022,18361.45
03-11-2022,18297.40
02-11-2022,18322.40
01-11-2022,18383.20
31-10-2022,18243.40
28-10-2022,18017.20
27-10-2022,17989.00
25-10-2022,17887.40
24-10-2022,17951.30
21-10-2022,17808.80
20-10-2022,17829.45
19-10-2022,17756.25
18-10-2022,17741.20
17-10-2022,17560.50
14-10-2022,17432.55
13-10-2022,17302.15
12-10-2022,17423.40
11-10-2022,17285.85
10-10-2022,17553.15
07-10-2022,17641.45
06-10-2022,17662.80
04-10-2022,17589.30
03-10-2022,17190.90
30-09-2022,17438.60
29-09-2022,17167.75
28-09-2022,17219.55
27-09-2022,17366.40
26-09-2022,17374.80
23-09-2022,17718.45
22-09-2022,18030.40
21-09-2022,18091.90
20-09-2022,18222.10
19-09-2022,18025.25
16-09-2022,17938.10
15-09-2022,18316.90
14-09-2022,18405.60
13-09-2022,18453.70
12-09-2022,18319.80
09-09-2022,18198.10
08-09-2022,18168.85
07-09-2022,18008.10
06-09-2022,18031.30
05-09-2022,18021.65
02-09-2022,17916.00
01-09-2022,17924.30
30-08-2022,18112.40
29-08-2022,17666.45
26-08-2022,17893.80
25-08-2022,17847.65
24-08-2022,17917.30
23-08-2022,17878.40
22-08-2022,17792.45
19-08-2022,18071.10
18-08-2022,18264.40
17-08-2022,18235.55
16-08-2022,18107.25
12-08-2022,17956.80
11-08-2022,17913.95
10-08-2022,17784.90
08-08-2022,17784.80
05-08-2022,17655.50
04-08-2022,17652.95
03-08-2022,17646.00
02-08-2022,17618.25
01-08-2022,17598.80
29-07-2022,17400.75
28-07-2022,17169.70
27-07-2022,16889.55
26-07-2022,16733.30
25-07-2022,16892.10
22-07-2022,16970.70
21-07-2022,16881.70
20-07-2022,16773.70
19-07-2022,16614.05
18-07-2022,16548.15
15-07-2022,16317.20
14-07-2022,16213.05
13-07-2022,16237.25
12-07-2022,16323.50
11-07-2022,16465.10
08-07-2022,16424.00
07-07-2022,16339.10
06-07-2022,16196.25
05-07-2022,16001.60
04-07-2022,16018.15
01-07-2022,15925.95
30-06-2022,15929.40
29-06-2022,15952.75
28-06-2022,16008.85
27-06-2022,15990.30
24-06-2022,15858.30
23-06-2022,15704.80
22-06-2022,15555.30
21-06-2022,15793.15
20-06-2022,15481.95
17-06-2022,15445.80
16-06-2022,15543.35
15-06-2022,15874.90
14-06-2022,15905.60
13-06-2022,15936.05
10-06-2022,16353.50
09-06-2022,16616.40
08-06-2022,16492.20
07-06-2022,16550.70
06-06-2022,16701.20
03-06-2022,16721.50
02-06-2022,16794.75
01-06-2022,16688.95
31-05-2022,16767.50
30-05-2022,16838.15
27-05-2022,16516.80
26-05-2022,16341.90
25-05-2022,16187.15
24-05-2022,16312.30
23-05-2022,16409.75
20-05-2022,16476.70
19-05-2022,16047.35
18-05-2022,16485.80
17-05-2022,16498.50
16-05-2022,16079.00
13-05-2022,15986.50
12-05-2022,16023.90
11-05-2022,16399.70
10-05-2022,16466.25
09-05-2022,16581.80
06-05-2022,16729.55
05-05-2022,17016.60
04-05-2022,17004.05
02-05-2022,17419.45
29-04-2022,17457.20
28-04-2022,17615.40
27-04-2022,17398.55
26-04-2022,17577.80
25-04-2022,17300.35
22-04-2022,17541.10
21-04-2022,17750.20
20-04-2022,17496.65
19-04-2022,17330.40
18-04-2022,17565.95
13-04-2022,17835.20
12-04-2022,17877.55
11-04-2022,18032.40
08-04-2022,18089.30
07-04-2022,17920.80
06-04-2022,18075.10
05-04-2022,18195.10
04-04-2022,18256.10
01-04-2022,17879.50
31-03-2022,17660.35
30-03-2022,17684.30
29-03-2022,17523.60
28-03-2022,17422.15
25-03-2022,17370.50
24-03-2022,17429.95
23-03-2022,17446.05
22-03-2022,17499.20
21-03-2022,17323.65
17-03-2022,17505.40
16-03-2022,17198.00
15-03-2022,16873.45
14-03-2022,17076.60
11-03-2022,16877.70
10-03-2022,16835.50
09-03-2022,16571.55
08-03-2022,16251.65
07-03-2022,16086.95
04-03-2022,16482.85
03-03-2022,16761.60
02-03-2022,16855.70
28-02-2022,17016.55
25-02-2022,16872.35
24-02-2022,16428.05
23-02-2022,17273.45
22-02-2022,17276.50
21-02-2022,17379.10
18-02-2022,17472.90
17-02-2022,17524.45
16-02-2022,17530.65
15-02-2022,17560.55
14-02-2022,17060.70
11-02-2022,17606.60
10-02-2022,17842.90
09-02-2022,17707.85
08-02-2022,17509.80
07-02-2022,17477.65
04-02-2022,17755.30
03-02-2022,17794.70
02-02-2022,17998.75
01-02-2022,17796.25
31-01-2022,17547.40
28-01-2022,17314.70
27-01-2022,17302.35
25-01-2022,17489.15
24-01-2022,17353.45
21-01-2022,17856.15
20-01-2022,18021.10
19-01-2022,18179.70
18-01-2022,18331.70
17-01-2022,18543.20
14-01-2022,18485.70
13-01-2022,18482.45
12-01-2022,18430.25
11-01-2022,18275.15
10-01-2022,18229.10
07-01-2022,18053.95
06-01-2022,17985.60
05-01-2022,18147.50
04-01-2022,18030.95
03-01-2022,17874.00
31-12-2021,17618.80
30-12-2021,17449.30
29-12-2021,17478.80
28-12-2021,17501.75
27-12-2021,17351.80
24-12-2021,17273.65
23-12-2021,17360.65
22-12-2021,17232.80
21-12-2021,17037.75
20-12-2021,16856.20
17-12-2021,17249.00
16-12-2021,17539.30
15-12-2021,17526.35
14-12-2021,17637.70
13-12-2021,17664.85
10-12-2021,17802.60
09-12-2021,17797.80
08-12-2021,17751.90
07-12-2021,17464.95
06-12-2021,17197.50
03-12-2021,17493.70
02-12-2021,17675.00
01-12-2021,17444.45
30-11-2021,17270.25
29-11-2021,17339.15
26-11-2021,17340.50
25-11-2021,17861.65
24-11-2021,17733.00
23-11-2021,17823.50
22-11-2021,17708.55
18-11-2021,18059.50
17-11-2021,18211.35
16-11-2021,18301.45
15-11-2021,18401.65
12-11-2021,18389.50
11-11-2021,18156.80
10-11-2021,18291.75
09-11-2021,18309.05
08-11-2021,18320.65
04-11-2021,18156.15
03-11-2021,18066.95
02-11-2021,18101.00
01-11-2021,18134.60
29-10-2021,17880.80
28-10-2021,18028.10
27-10-2021,18390.05
26-10-2021,18425.15
25-10-2021,18272.40
22-10-2021,18285.15
21-10-2021,18374.10
20-10-2021,18467.75
19-10-2021,18646.15
18-10-2021,18734.90
14-10-2021,18610.35
13-10-2021,18433.20
12-10-2021,18258.85
11-10-2021,18198.90
08-10-2021,18141.70
07-10-2021,18058.00
06-10-2021,17905.85
05-10-2021,18082.80
04-10-2021,17956.75
01-10-2021,17778.55
30-09-2021,17845.10
29-09-2021,17926.05
28-09-2021,17973.15
27-09-2021,18085.55
24-09-2021,18090.20
23-09-2021,18085.80
22-09-2021,17817.70
21-09-2021,17817.95
20-09-2021,17654.10
17-09-2021,17864.55
16-09-2021,17925.05
15-09-2021,17809.50
14-09-2021,17678.45
13-09-2021,17648.60
09-09-2021,17652.90
08-09-2021,17626.20
07-09-2021,17618.70
06-09-2021,17641.00
03-09-2021,17597.45
02-09-2021,17504.60
01-09-2021,17343.30
31-08-2021,17373.10
30-08-2021,17164.20
27-08-2021,16930.85
26-08-2021,16841.60
25-08-2021,16830.10
24-08-2021,16808.00
23-08-2021,16673.35
20-08-2021,16642.15
18-08-2021,16778.80
17-08-2021,16805.15
16-08-2021,16748.00
13-08-2021,16716.15
12-08-2021,16569.30
11-08-2021,16490.15
10-08-2021,16493.85
09-08-2021,16483.45
06-08-2021,16476.55
05-08-2021,16520.50
04-08-2021,16494.55
03-08-2021,16399.95
02-08-2021,16166.95
30-07-2021,16040.15
29-07-2021,16045.20
28-07-2021,15983.90
27-07-2021,16011.05
26-07-2021,16094.20
23-07-2021,16119.10
22-07-2021,16094.25
20-07-2021,15886.25
19-07-2021,16006.90
16-07-2021,16172.05
15-07-2021,16160.20
14-07-2021,16091.50
13-07-2021,16055.60
12-07-2021,15955.95
09-07-2021,15952.40
08-07-2021,15981.95
07-07-2021,16117.40
06-07-2021,16054.90
05-07-2021,16066.90
02-07-2021,15957.10
01-07-2021,15928.10
30-06-2021,15959.40
29-06-2021,15992.10
28-06-2021,16055.20
25-06-2021,16087.20
24-06-2021,16011.55
23-06-2021,15933.15
22-06-2021,16026.95
21-06-2021,15991.25
18-06-2021,15915.55
17-06-2021,15936.20
16-06-2021,16025.55
15-06-2021,16136.65
14-06-2021,16079.70
11-06-2021,16079.60
10-06-2021,16021.50
09-06-2021,15904.75
08-06-2021,16017.20
07-06-2021,16018.60
04-06-2021,15945.85
03-06-2021,15952.65
02-06-2021,15832.20
01-06-2021,15789.40
31-05-2021,15798.70
28-05-2021,15650.35
27-05-2021,15564.35
26-05-2021,15522.35
25-05-2021,15445.60
24-05-2021,15445.20
21-05-2021,15408.55
20-05-2021,15164.45
19-05-2021,15272.55
18-05-2021,15325.00
17-05-2021,15134.15
14-05-2021,14893.20
12-05-2021,14940.00
11-05-2021,15071.40
10-05-2021,15146.65
07-05-2021,15021.65
06-05-2021,14928.60
05-05-2021,14823.20
04-05-2021,14683.70
03-05-2021,14811.20
30-04-2021,14790.60
29-04-2021,15029.95
28-04-2021,15004.65
27-04-2021,14807.75
26-04-2021,14645.90
23-04-2021,14510.95
22-04-2021,14564.25
20-04-2021,14466.80
19-04-2021,14512.85
16-04-2021,14773.20
15-04-2021,14719.25
13-04-2021,14639.40
12-04-2021,14450.05
09-04-2021,15004.15
08-04-2021,15036.15
07-04-2021,14973.95
06-04-2021,14836.25
05-04-2021,14775.70
01-04-2021,14993.05
31-03-2021,14807.45
30-03-2021,14936.05
26-03-2021,14633.50
25-03-2021,14450.55
24-03-2021,14690.05
23-03-2021,14952.10
22-03-2021,14859.70
19-03-2021,14847.25
18-03-2021,14662.50
17-03-2021,14828.85
16-03-2021,15033.30
15-03-2021,15040.85
12-03-2021,15140.15
10-03-2021,15284.85
09-03-2021,15206.00
08-03-2021,15096.85
05-03-2021,15084.35
04-03-2021,15238.75
03-03-2021,15379.50
02-03-2021,15061.60
01-03-2021,14889.65
26-02-2021,14667.60
25-02-2021,15209.00
24-02-2021,15094.85
23-02-2021,14844.25
22-02-2021,14802.45
19-02-2021,15102.65
18-02-2021,15249.50
17-02-2021,15318.50
16-02-2021,15406.00
15-02-2021,15399.20
12-02-2021,15245.75
11-02-2021,15249.65
10-02-2021,15176.40
09-02-2021,15171.25
08-02-2021,15177.95
05-02-2021,14988.95
04-02-2021,14977.15
03-02-2021,14854.00
02-02-2021,14720.55
01-02-2021,14361.65
29-01-2021,13743.30
28-01-2021,13947.25
27-01-2021,14085.85
25-01-2021,14348.45
22-01-2021,14479.60
21-01-2021,14686.55
20-01-2021,14751.30
19-01-2021,14632.20
18-01-2021,14390.05
15-01-2021,14558.80
14-01-2021,14731.15
13-01-2021,14694.95
12-01-2021,14705.50
11-01-2021,14642.05
08-01-2021,14514.35
07-01-2021,14305.50
06-01-2021,14305.65
05-01-2021,14355.90
04-01-2021,14267.05
01-01-2021,14137.55
31-12-2020,14090.75
30-12-2020,14088.45
29-12-2020,14037.65
28-12-2020,13986.70
24-12-2020,13862.10
23-12-2020,13725.55
22-12-2020,13577.35
21-12-2020,13431.30
18-12-2020,13872.80
17-12-2020,13852.55
16-12-2020,13808.05
15-12-2020,13697.70
14-12-2020,13693.20
11-12-2020,13647.90
10-12-2020,13612.35
09-12-2020,13649.60
08-12-2020,13529.85
07-12-2020,13497.85
04-12-2020,13396.50
03-12-2020,13280.50
02-12-2020,13244.35
01-12-2020,13225.70
27-11-2020,13080.30
26-11-2020,13087.75
25-11-2020,12959.80
24-11-2020,13158.30
23-11-2020,13036.65
20-11-2020,12962.45
19-11-2020,12864.85
18-11-2020,13022.75
17-11-2020,12960.90
14-11-2020,12864.60
13-11-2020,12804.25
12-11-2020,12764.05
11-11-2020,12805.60
10-11-2020,12683.35
09-11-2020,12545.45
06-11-2020,12349.15
05-11-2020,12217.90
04-11-2020,12007.10
03-11-2020,11913.35
02-11-2020,11777.85
30-10-2020,11748.95
29-10-2020,11774.40
28-10-2020,11819.05
27-10-2020,11971.90
26-10-2020,11842.70
23-10-2020,12006.10
22-10-2020,11971.80
21-10-2020,12009.00
20-10-2020,11976.85
19-10-2020,11952.90
16-10-2020,11843.35
15-10-2020,11758.20
14-10-2020,12039.05
13-10-2020,11995.70
12-10-2020,11999.05
09-10-2020,11990.70
08-10-2020,11925.40
07-10-2020,11833.90
06-10-2020,11770.75
05-10-2020,11625.60
01-10-2020,11545.90
30-09-2020,11385.20
29-09-2020,11353.65
28-09-2020,11365.25
25-09-2020,11176.30
24-09-2020,10922.25
23-09-2020,11241.60
22-09-2020,11264.55
21-09-2020,11367.25
18-09-2020,11640.20
17-09-2020,11646.15
16-09-2020,11732.70
15-09-2020,11652.85
14-09-2020,11566.45
11-09-2020,11589.65
10-09-2020,11562.65
09-09-2020,11397.95
08-09-2020,11434.90
07-09-2020,11478.40
04-09-2020,11464.95
03-09-2020,11663.35
02-09-2020,11660.60
01-09-2020,11586.60
31-08-2020,11496.05
28-08-2020,11791.50
27-08-2020,11709.45
26-08-2020,11694.35
25-08-2020,11625.60
24-08-2020,11619.15
21-08-2020,11535.80
20-08-2020,11479.00
19-08-2020,11564.50
18-08-2020,11541.95
17-08-2020,11402.85
14-08-2020,11337.55
13-08-2020,11458.90
12-08-2020,11458.25
11-08-2020,11471.25
10-08-2020,11433.00
07-08-2020,11361.40
06-08-2020,11345.45
05-08-2020,11248.40
04-08-2020,11244.10
03-08-2020,11056.00
31-07-2020,11222.95
30-07-2020,11231.30
29-07-2020,11310.85
28-07-2020,11388.40
27-07-2020,11231.30
24-07-2020,11297.75
23-07-2020,11334.30
22-07-2020,11249.45
21-07-2020,11283.90
20-07-2020,11159.45
17-07-2020,11045.85
16-07-2020,10879.90
15-07-2020,10769.60
14-07-2020,10768.60
13-07-2020,10953.75
10-07-2020,10919.70
09-07-2020,10962.70
08-07-2020,10870.95
07-07-2020,10958.00
06-07-2020,10919.25
03-07-2020,10776.30
02-07-2020,10716.10
01-07-2020,10598.90
30-06-2020,10486.90
29-06-2020,10496.85
26-06-2020,10570.95
25-06-2020,10486.55
24-06-2020,10499.90
23-06-2020,10660.80
22-06-2020,10494.35
19-06-2020,10407.75
18-06-2020,10258.15
17-06-2020,10069.75
16-06-2020,10097.35
15-06-2020,10005.80
12-06-2020,10158.30
11-06-2020,10082.10
10-06-2020,10291.70
09-06-2020,10231.25
08-06-2020,10346.70
05-06-2020,10324.15
04-06-2020,10198.00
03-06-2020,10220.25
02-06-2020,10139.75
01-06-2020,9996.40
29-05-2020,9759.45
28-05-2020,9648.20
27-05-2020,9471.60
26-05-2020,9219.60
22-05-2020,9226.80
21-05-2020,9299.80
20-05-2020,9249.15
19-05-2020,9060.15
18-05-2020,9004.40
15-05-2020,9320.60
14-05-2020,9333.10
13-05-2020,9552.65
12-05-2020,9372.25
11-05-2020,9411.70
08-05-2020,9408.65
07-05-2020,9351.45
06-05-2020,9428.55
05-05-2020,9358.90
04-05-2020,9454.05
30-04-2020,10006.90
29-04-2020,9710.70
28-04-2020,9545.05
27-04-2020,9462.15
24-04-2020,9323.70
23-04-2020,9486.70
22-04-2020,9372.30
21-04-2020,9175.65
20-04-2020,9442.60
17-04-2020,9453.50
16-04-2020,9197.10
15-04-2020,9128.25
13-04-2020,9177.70
09-04-2020,9282.85
08-04-2020,8921.30
07-04-2020,8934.60
03-04-2020,8240.20
01-04-2020,8404.15
31-03-2020,8731.15
30-03-2020,8405.30
27-03-2020,8747.05
26-03-2020,8732.10
25-03-2020,8388.20
24-03-2020,7897.40
23-03-2020,7719.10
20-03-2020,8852.05
19-03-2020,8388.70
18-03-2020,8607.95
17-03-2020,9105.40
16-03-2020,9316.95
13-03-2020,10050.25
12-03-2020,9693.95
11-03-2020,10578.00
09-03-2020,10583.05
06-03-2020,11119.65
05-03-2020,11397.90
04-03-2020,11372.85
03-03-2020,11430.85
02-03-2020,11251.55
28-02-2020,11316.30
27-02-2020,11746.85
26-02-2020,11790.10
25-02-2020,11917.30
24-02-2020,11957.00
20-02-2020,12211.30
19-02-2020,12248.20
18-02-2020,12098.90
17-02-2020,12152.00
14-02-2020,12230.45
13-02-2020,12301.75
12-02-2020,12327.70
11-02-2020,12246.20
10-02-2020,12185.35
07-02-2020,12249.25
06-02-2020,12273.70
05-02-2020,12212.00
04-02-2020,12091.00
03-02-2020,11820.30
01-02-2020,11768.90
31-01-2020,12086.90
30-01-2020,12165.40
29-01-2020,12276.95
28-01-2020,12203.20
27-01-2020,12262.65
24-01-2020,12386.95
23-01-2020,12312.90
22-01-2020,12230.85
21-01-2020,12287.25
20-01-2020,12343.20
17-01-2020,12471.15
16-01-2020,12470.60
15-01-2020,12458.85
14-01-2020,12468.55
13-01-2020,12436.45
10-01-2020,12359.70
09-01-2020,12319.70
08-01-2020,12131.45
07-01-2020,12154.95
06-01-2020,12090.60
03-01-2020,12328.60
02-01-2020,12380.50
01-01-2020,12279.05
31-12-2019,12267.75
30-12-2019,12354.25
27-12-2019,12344.60
26-12-2019,12229.15
24-12-2019,12312.10
23-12-2019,12354.95
20-12-2019,12363.40
19-12-2019,12343.85
18-12-2019,12304.25
17-12-2019,12248.95
16-12-2019,12144.85
13-12-2019,12182.70
12-12-2019,12065.85
11-12-2019,11999.95
10-12-2019,11945.80
09-12-2019,12033.30
06-12-2019,12024.95
05-12-2019,12126.50
04-12-2019,12160.85
03-12-2019,12115.80
02-12-2019,12175.15
29-11-2019,12182.60
28-11-2019,12278.45
27-11-2019,12217.50
26-11-2019,12150.70
25-11-2019,12192.65
22-11-2019,12031.20
21-11-2019,12082.70
20-11-2019,12116.20
19-11-2019,12054.70
18-11-2019,12010.90
15-11-2019,12022.80
14-11-2019,12001.10
13-11-2019,11980.65
11-11-2019,12053.30
08-11-2019,12044.85
07-11-2019,12152.95
06-11-2019,12104.20
05-11-2019,12056.15
04-11-2019,12089.15
01-11-2019,12047.80
31-10-2019,12037.25
30-10-2019,12002.95
29-10-2019,11942.05
27-10-2019,11782.50
25-10-2019,11734.35
24-10-2019,11738.25
23-10-2019,11762.45
22-10-2019,11749.90
18-10-2019,11806.20
17-10-2019,11718.35
16-10-2019,11588.65
15-10-2019,11544.45
14-10-2019,11455.70
11-10-2019,11412.95
10-10-2019,11345.00
09-10-2019,11423.65
07-10-2019,11239.05
04-10-2019,11303.40
03-10-2019,11444.80
01-10-2019,11497.50
30-09-2019,11613.30
27-09-2019,11663.50
26-09-2019,11714.85
25-09-2019,11581.60
24-09-2019,11737.45
23-09-2019,11746.25
20-09-2019,11432.00
19-09-2019,10848.85
18-09-2019,10980.80
17-09-2019,10951.55
16-09-2019,11139.85
13-09-2019,11205.10
12-09-2019,11113.50
11-09-2019,11161.65
09-09-2019,11122.95
06-09-2019,11068.15
05-09-2019,10975.00
04-09-2019,10964.30
03-09-2019,10925.20
30-08-2019,11155.10
29-08-2019,11069.30
28-08-2019,11154.55
27-08-2019,11213.70
26-08-2019,11152.65
23-08-2019,10925.90
22-08-2019,10836.85
21-08-2019,11012.00
20-08-2019,11115.60
19-08-2019,11158.95
16-08-2019,11154.55
14-08-2019,11133.75
13-08-2019,11027.40
09-08-2019,11222.20
08-08-2019,11144.15
07-08-2019,10970.55
06-08-2019,11058.90
05-08-2019,10970.05
02-08-2019,11100.45
01-08-2019,11080.90
31-07-2019,11221.20
30-07-2019,11179.55
29-07-2019,11290.90
26-07-2019,11394.70
25-07-2019,11352.35
24-07-2019,11360.15
23-07-2019,11436.55
22-07-2019,11456.25
19-07-2019,11519.25
18-07-2019,11701.40
17-07-2019,11798.45
16-07-2019,11773.15
15-07-2019,11692.65
12-07-2019,11654.85
11-07-2019,11678.60
10-07-2019,11593.80
09-07-2019,11655.85
08-07-2019,11650.35
05-07-2019,11904.05
04-07-2019,12044.80
03-07-2019,12015.20
02-07-2019,12001.60
01-07-2019,11957.50
28-06-2019,11882.10
27-06-2019,11931.35
26-06-2019,11928.85
25-06-2019,11871.90
24-06-2019,11782.95
21-06-2019,11802.45
20-06-2019,11901.15
19-06-2019,11753.05
18-06-2019,11761.65
17-06-2019,11743.00
14-06-2019,11899.35
13-06-2019,11995.20
12-06-2019,11989.20
11-06-2019,12053.60
10-06-2019,12006.85
07-06-2019,11957.05
06-06-2019,11932.95
04-06-2019,12122.60
03-06-2019,12190.85
31-05-2019,12028.25
30-05-2019,12038.20
29-05-2019,11962.35
28-05-2019,12033.10
27-05-2019,12023.75
24-05-2019,11944.65
23-05-2019,11745.50
22-05-2019,11811.30
21-05-2019,11786.30
20-05-2019,11903.95
17-05-2019,11485.85
16-05-2019,11341.60
15-05-2019,11253.85
14-05-2019,11318.00
13-05-2019,11249.85
10-05-2019,11391.85
09-05-2019,11415.90
08-05-2019,11470.80
07-05-2019,11610.10
06-05-2019,11708.85
03-05-2019,11828.05
02-05-2019,11845.60
30-04-2019,11874.25
26-04-2019,11886.70
25-04-2019,11787.40
24-04-2019,11869.55
23-04-2019,11727.65
22-04-2019,11745.90
18-04-2019,11913.35
16-04-2019,11950.05
15-04-2019,11856.45
12-04-2019,11807.85
11-04-2019,11760.00
10-04-2019,11743.90
09-04-2019,11825.65
08-04-2019,11760.10
05-04-2019,11820.10
04-04-2019,11753.50
03-04-2019,11794.60
02-04-2019,11861.40
01-04-2019,11832.65
29-03-2019,11789.20
28-03-2019,11719.35
27-03-2019,11595.65
26-03-2019,11632.65
25-03-2019,11504.75
22-03-2019,11613.55
20-03-2019,11681.30
19-03-2019,11696.50
18-03-2019,11629.75
15-03-2019,11595.05
14-03-2019,11522.90
13-03-2019,11527.20
12-03-2019,11499.95
11-03-2019,11375.70
08-03-2019,11225.00
07-03-2019,11244.05
06-03-2019,11246.20
05-03-2019,11177.20
01-03-2019,11040.55
28-02-2019,10959.90
27-02-2019,10961.80
26-02-2019,10981.55
25-02-2019,11021.75
22-02-2019,10937.35
21-02-2019,10925.05
20-02-2019,10865.10
19-02-2019,10731.10
18-02-2019,10761.20
15-02-2019,10845.85
14-02-2019,10888.40
13-02-2019,10923.90
12-02-2019,10971.40
11-02-2019,11030.00
08-02-2019,11094.10
07-02-2019,11229.05
06-02-2019,11206.00
05-02-2019,11079.65
04-02-2019,11070.45
01-02-2019,11066.70
31-01-2019,10996.80
30-01-2019,10829.50
29-01-2019,10829.95
28-01-2019,10836.65
25-01-2019,10968.30
24-01-2019,11049.05
23-01-2019,11034.80
22-01-2019,11124.35
21-01-2019,11153.35
18-01-2019,11109.50
17-01-2019,11123.90
16-01-2019,11111.65
15-01-2019,11107.75
14-01-2019,10965.05
11-01-2019,11025.85
10-01-2019,11054.45
09-01-2019,11078.00
08-01-2019,11031.30
07-01-2019,11005.10
04-01-2019,10966.15
03-01-2019,10914.80
02-01-2019,11032.00
01-01-2019,11148.80
31-12-2018,11110.15
28-12-2018,11101.65
27-12-2018,11015.80
26-12-2018,10968.85
24-12-2018,10904.70
21-12-2018,11005.85
20-12-2018,11201.35
19-12-2018,11223.40
18-12-2018,11150.90
17-12-2018,11125.75
14-12-2018,11040.30
13-12-2018,11023.05
12-12-2018,10960.45
11-12-2018,10761.75
10-12-2018,10686.25
07-12-2018,10894.10
06-12-2018,10805.85
05-12-2018,10989.15
04-12-2018,11086.40
03-12-2018,11103.20
30-11-2018,11092.25
29-11-2018,11065.90
28-11-2018,10940.25
27-11-2018,10905.85
26-11-2018,10856.85
22-11-2018,10761.40
21-11-2018,10836.30
20-11-2018,10875.00
19-11-2018,10988.15
16-11-2018,10908.20
15-11-2018,10844.60
14-11-2018,10803.15
13-11-2018,10807.30
12-11-2018,10715.05
09-11-2018,10823.30
07-11-2018,10828.85
06-11-2018,10758.45
05-11-2018,10761.00
02-11-2018,10782.30
01-11-2018,10607.60
31-10-2018,10604.60
30-10-2018,10413.60
29-10-2018,10452.80
26-10-2018,10225.30
25-10-2018,10307.70
24-10-2018,10415.40
23-10-2018,10341.55
22-10-2018,10445.85
19-10-2018,10504.05
17-10-2018,10648.70
16-10-2018,10796.10
15-10-2018,10712.60
12-10-2018,10671.30
11-10-2018,10432.05
10-10-2018,10657.80
09-10-2018,10473.55
08-10-2018,10523.80
05-10-2018,10510.05
04-10-2018,10794.30
03-10-2018,11045.80
01-10-2018,11197.05
28-09-2018,11126.40
27-09-2018,11186.70
26-09-2018,11279.50
25-09-2018,11287.60
24-09-2018,11185.55
21-09-2018,11387.55
19-09-2018,11499.85
18-09-2018,11546.15
17-09-2018,11656.50
14-09-2018,11791.70
12-09-2018,11635.20
11-09-2018,11555.20
10-09-2018,11717.95
07-09-2018,11879.90
06-09-2018,11815.40
05-09-2018,11751.05
04-09-2018,11798.95
03-09-2018,11904.35
31-08-2018,12003.10
30-08-2018,11991.15
29-08-2018,11998.60
28-08-2018,12028.30
27-08-2018,11989.35
24-08-2018,11856.20
23-08-2018,11881.40
21-08-2018,11862.10
20-08-2018,11838.15
17-08-2018,11747.20
16-08-2018,11647.75
14-08-2018,11703.40
13-08-2018,11624.65
10-08-2018,11707.35
09-08-2018,11756.15
08-08-2018,11731.75
07-08-2018,11675.50
06-08-2018,11674.25
03-08-2018,11648.85
02-08-2018,11535.60
01-08-2018,11629.65
31-07-2018,11633.85
30-07-2018,11594.75
27-07-2018,11542.35
26-07-2018,11431.15
25-07-2018,11385.50
24-07-2018,11389.20
23-07-2018,11306.95
20-07-2018,11215.80
19-07-2018,11160.50
18-07-2018,11189.10
17-07-2018,11230.70
16-07-2018,11151.10
13-07-2018,11258.70
12-07-2018,11269.70
11-07-2018,11206.85
10-07-2018,11218.65
09-07-2018,11119.55
06-07-2018,11037.20
05-07-2018,11008.60
04-07-2018,11033.00
03-07-2018,10974.20
02-07-2018,10929.85
29-06-2018,10993.45
28-06-2018,10855.00
27-06-2018,10946.70
26-06-2018,11054.10
25-06-2018,11045.45
22-06-2018,11119.65
21-06-2018,11039.95
20-06-2018,11076.05
19-06-2018,11021.95
18-06-2018,11112.90
15-06-2018,11136.30
14-06-2018,11139.95
13-06-2018,11185.90
12-06-2018,11176.70
11-06-2018,11116.20
08-06-2018,11098.25
07-06-2018,11091.95
06-06-2018,10997.20
05-06-2018,10892.85
04-06-2018,10940.05
01-06-2018,11013.85
31-05-2018,11064.15
30-05-2018,10961.60
29-05-2018,10983.30
28-05-2018,11033.55
25-05-2018,10934.00
24-05-2018,10827.25
23-05-2018,10750.55
22-05-2018,10852.80
21-05-2018,10814.60
18-05-2018,10908.05
17-05-2018,11006.90
16-05-2018,11058.70
15-05-2018,11113.70
14-05-2018,11124.10
11-05-2018,11131.95
10-05-2018,11052.50
09-05-2018,11095.00
08-05-2018,11082.20
07-05-2018,11085.05
04-05-2018,10986.50
03-05-2018,11051.10
02-05-2018,11105.90
30-04-2018,11145.90
27-04-2018,11095.00
26-04-2018,11018.75
25-04-2018,10980.55
24-04-2018,11022.35
23-04-2018,10993.30
20-04-2018,10966.85
19-04-2018,10974.75
18-04-2018,10928.45
17-04-2018,10950.05
16-04-2018,10928.95
13-04-2018,10879.35
12-04-2018,10860.35
11-04-2018,10826.15
10-04-2018,10810.45
09-04-2018,10792.60
06-04-2018,10750.35
05-04-2018,10726.25
04-04-2018,10523.60
03-04-2018,10643.90
02-04-2018,10596.00
28-03-2018,10478.40
27-03-2018,10556.60
26-03-2018,10497.55
23-03-2018,10357.60
22-03-2018,10470.40
21-03-2018,10511.75
20-03-2018,10478.15
19-03-2018,10444.05
16-03-2018,10556.20
15-03-2018,10716.05
14-03-2018,10760.00
13-03-2018,10772.05
12-03-2018,10747.65
09-03-2018,10564.55
08-03-2018,10578.00
07-03-2018,10501.40
06-03-2018,10603.10
05-03-2018,10714.60
01-03-2018,10820.00
28-02-2018,10861.40
27-02-2018,10922.75
26-02-2018,10953.80
23-02-2018,10857.85
22-02-2018,10737.35
21-02-2018,10765.50
20-02-2018,10740.00
19-02-2018,10748.35
16-02-2018,10831.35
15-02-2018,10932.05
14-02-2018,10908.15
12-02-2018,10945.15
09-02-2018,10846.10
08-02-2018,10958.95
07-02-2018,10844.70
06-02-2018,10851.65
05-02-2018,11023.85
02-02-2018,11111.20
01-02-2018,11385.15
31-01-2018,11393.55
30-01-2018,11424.60
29-01-2018,11505.45
25-01-2018,11459.05
24-01-2018,11497.45
23-01-2018,11506.65
22-01-2018,11391.20
19-01-2018,11315.75
18-01-2018,11234.50
17-01-2018,11232.75
16-01-2018,11142.80
15-01-2018,11207.75
12-01-2018,11159.10
11-01-2018,11132.40
10-01-2018,11117.45
09-01-2018,11125.00
08-01-2018,11120.55
05-01-2018,11051.25
04-01-2018,10982.15
03-01-2018,10910.05
02-01-2018,10899.30
01-01-2018,10897.75
29-12-2017,10985.15
28-12-2017,10927.05
27-12-2017,10937.85
26-12-2017,10982.05
22-12-2017,10940.65
21-12-2017,10886.35
20-12-2017,10881.90
19-12-2017,10897.55
18-12-2017,10807.85
15-12-2017,10743.65
14-12-2017,10658.40
13-12-2017,10605.65
12-12-2017,10663.55
11-12-2017,10752.60
08-12-2017,10698.10
07-12-2017,10594.60
06-12-2017,10459.70
05-12-2017,10541.30
04-12-2017,10548.55
01-12-2017,10542.05
30-11-2017,10650.75
29-11-2017,10784.40
28-11-2017,10792.60
27-11-2017,10816.20
24-11-2017,10803.15
23-11-2017,10760.35
22-11-2017,10755.40
21-11-2017,10744.00
20-11-2017,10716.40
17-11-2017,10701.30
16-11-2017,10618.45
15-11-2017,10514.90
14-11-2017,10593.80
13-11-2017,10632.65
10-11-2017,10729.55
09-11-2017,10723.65
08-11-2017,10707.55
07-11-2017,10762.40
06-11-2017,10878.15
03-11-2017,10866.45
02-11-2017,10839.40
01-11-2017,10847.90
31-10-2017,10740.85
30-10-2017,10767.85
27-10-2017,10714.00
26-10-2017,10720.45
25-10-2017,10672.00
24-10-2017,10574.75
23-10-2017,10557.95
19-10-2017,10517.30
18-10-2017,10582.35
17-10-2017,10605.80
16-10-2017,10595.15
13-10-2017,10534.60
12-10-2017,10469.30
11-10-2017,10353.90
10-10-2017,10392.00
09-10-2017,10357.95
06-10-2017,10347.65
05-10-2017,10255.55
04-10-2017,10274.05
03-10-2017,10221.75
29-09-2017,10143.90
28-09-2017,10107.90
27-09-2017,10074.05
26-09-2017,10222.50
25-09-2017,10219.70
22-09-2017,10320.95
21-09-2017,10501.90
20-09-2017,10529.85
19-09-2017,10540.10
18-09-2017,10540.50
15-09-2017,10475.05
14-09-2017,10480.20
13-09-2017,10468.10
12-09-2017,10485.85
11-09-2017,10394.80
08-09-2017,10320.10
07-09-2017,10327.85
06-09-2017,10303.85
05-09-2017,10333.05
04-09-2017,10289.65
01-09-2017,10352.40
31-08-2017,10286.55
30-08-2017,10258.05
29-08-2017,10156.50
28-08-2017,10275.95
24-08-2017,10211.60
23-08-2017,10193.80
22-08-2017,10096.55
21-08-2017,10095.15
18-08-2017,10193.20
17-08-2017,10255.00
16-08-2017,10249.95
14-08-2017,10144.20
11-08-2017,10037.15
10-08-2017,10133.85
09-08-2017,10254.55
08-08-2017,10344.70
07-08-2017,10434.15
04-08-2017,10419.85
03-08-2017,10354.45
02-08-2017,10410.30
01-08-2017,10447.65
31-07-2017,10417.80
28-07-2017,10353.70
27-07-2017,10348.70
26-07-2017,10357.65
25-07-2017,10307.30
24-07-2017,10304.45
21-07-2017,10258.10
20-07-2017,10217.40
19-07-2017,10246.70
18-07-2017,10162.15
17-07-2017,10249.80
14-07-2017,10221.70
13-07-2017,10225.90
12-07-2017,10146.60
11-07-2017,10106.00
10-07-2017,10103.35
07-07-2017,9997.75
06-07-2017,10005.25
05-07-2017,9966.45
04-07-2017,9933.10
03-07-2017,9936.90
30-06-2017,9835.40
29-06-2017,9809.05
28-06-2017,9797.05
27-06-2017,9810.40
23-06-2017,9876.90
22-06-2017,9944.70
21-06-2017,9958.95
20-06-2017,9976.10
19-06-2017,9977.55
16-06-2017,9911.20
15-06-2017,9898.15
14-06-2017,9934.95
13-06-2017,9929.70
12-06-2017,9936.40
09-06-2017,9984.45
08-06-2017,9960.30
07-06-2017,9969.90
06-06-2017,9937.30
05-06-2017,9981.70
02-06-2017,9951.00
01-06-2017,9909.10
31-05-2017,9909.60
30-05-2017,9906.10
29-05-2017,9877.80
26-05-2017,9884.25
25-05-2017,9776.15
24-05-2017,9631.20
23-05-2017,9676.50
22-05-2017,9742.45
19-05-2017,9746.55
18-05-2017,9757.00
17-05-2017,9873.45
16-05-2017,9870.20
15-05-2017,9812.65
12-05-2017,9760.65
11-05-2017,9786.70
10-05-2017,9771.05
09-05-2017,9672.05
08-05-2017,9657.10
05-05-2017,9625.35
04-05-2017,9712.40
03-05-2017,9666.40
02-05-2017,9668.95
28-04-2017,9652.45
27-04-2017,9683.00
26-04-2017,9699.00
25-04-2017,9662.95
24-04-2017,9562.10
21-04-2017,9463.60
20-04-2017,9474.80
19-04-2017,9440.70
18-04-2017,9432.80
17-04-2017,9478.90
13-04-2017,9492.45
12-04-2017,9540.70
11-04-2017,9567.25
10-04-2017,9510.60
07-04-2017,9514.45
06-04-2017,9570.15
05-04-2017,9567.95
03-04-2017,9528.60
31-03-2017,9467.10
30-03-2017,9460.70
29-03-2017,9428.55
28-03-2017,9390.45
27-03-2017,9330.65
24-03-2017,9391.10
23-03-2017,9371.90
22-03-2017,9308.30
21-03-2017,9401.10
20-03-2017,9414.45
17-03-2017,9442.65
16-03-2017,9437.90
15-03-2017,9356.85
14-03-2017,9348.75
10-03-2017,9193.60
09-03-2017,9190.15
08-03-2017,9190.05
07-03-2017,9214.55
06-03-2017,9230.25
03-03-2017,9165.05
02-03-2017,9167.65
01-03-2017,9229.75
28-02-2017,9170.95
27-02-2017,9180.85
23-02-2017,9219.25
22-02-2017,9213.90
21-02-2017,9207.25
20-02-2017,9169.40
17-02-2017,9110.20
16-02-2017,9062.10
15-02-2017,8990.20
14-02-2017,9067.40
13-02-2017,9093.00
10-02-2017,9082.95
09-02-2017,9073.55
08-02-2017,9065.00
07-02-2017,9056.75
06-02-2017,9089.65
03-02-2017,9021.35
02-02-2017,9013.90
01-02-2017,8988.45
31-01-2017,8825.00
30-01-2017,8910.00
27-01-2017,8908.90
25-01-2017,8867.95
24-01-2017,8739.45
23-01-2017,8651.60
20-01-2017,8602.90
19-01-2017,8697.95
18-01-2017,8678.30
17-01-2017,8653.10
16-01-2017,8666.45
13-01-2017,8646.70
12-01-2017,8651.00
11-01-2017,8623.15
10-01-2017,8526.20
09-01-2017,8466.80
06-01-2017,8472.70
05-01-2017,8501.65
04-01-2017,8407.90
03-01-2017,8411.20
02-01-2017,8389.25
30-12-2016,8382.50
29-12-2016,8296.80
28-12-2016,8222.00
27-12-2016,8214.45
26-12-2016,8083.05
23-12-2016,8173.25
22-12-2016,8173.55
21-12-2016,8267.55
20-12-2016,8286.40
19-12-2016,8316.55
16-12-2016,8355.75
15-12-2016,8370.25
14-12-2016,8397.30
13-12-2016,8443.70
12-12-2016,8406.35
09-12-2016,8501.70
08-12-2016,8493.40
07-12-2016,8344.30
06-12-2016,8380.90
05-12-2016,8365.00
02-12-2016,8316.35
01-12-2016,8425.90
30-11-2016,8466.40
29-11-2016,8379.55
28-11-2016,8365.10
25-11-2016,8344.05
24-11-2016,8194.60
23-11-2016,8253.65
22-11-2016,8208.35
21-11-2016,8124.60
18-11-2016,8283.30
17-11-2016,8281.95
16-11-2016,8309.00
15-11-2016,8296.05
11-11-2016,8518.45
10-11-2016,8763.55
09-11-2016,8660.15
08-11-2016,8782.90
07-11-2016,8738.00
04-11-2016,8673.85
03-11-2016,8736.15
02-11-2016,8781.10
01-11-2016,8904.40
30-10-2016,8900.55
28-10-2016,8906.05
27-10-2016,8866.15
26-10-2016,8883.15
25-10-2016,8963.45
24-10-2016,8977.10
21-10-2016,8967.55
20-10-2016,8970.30
19-10-2016,8933.90
18-10-2016,8945.60
17-10-2016,8784.45
14-10-2016,8847.30
13-10-2016,8832.30
10-10-2016,8971.95
07-10-2016,8965.30
06-10-2016,8979.25
05-10-2016,9010.00
04-10-2016,9029.20
03-10-2016,8992.55
30-09-2016,8844.20
29-09-2016,8799.95
28-09-2016,8983.80
27-09-2016,8940.50
26-09-2016,8956.40
23-09-2016,9054.75
22-09-2016,9083.90
21-09-2016,8987.45
20-09-2016,8987.30
19-09-2016,9015.05
16-09-2016,8986.25
15-09-2016,8950.60
14-09-2016,8943.55
12-09-2016,8918.95
09-09-2016,9090.75
08-09-2016,9177.90
07-09-2016,9142.55
06-09-2016,9160.45
02-09-2016,9022.25
01-09-2016,8987.80
31-08-2016,9000.50
30-08-2016,8962.55
29-08-2016,8835.15
26-08-2016,8803.90
25-08-2016,8816.70
24-08-2016,8874.55
23-08-2016,8846.55
22-08-2016,8851.95
19-08-2016,8893.00
18-08-2016,8894.85
17-08-2016,8846.85
16-08-2016,8853.05
12-08-2016,8871.50
11-08-2016,8789.70
10-08-2016,8771.40
09-08-2016,8883.65
08-08-2016,8921.00
05-08-2016,8881.90
04-08-2016,8741.85
03-08-2016,8727.95
02-08-2016,8819.95
01-08-2016,8841.45
29-07-2016,8839.00
28-07-2016,8860.50
27-07-2016,8811.75
26-07-2016,8781.50
25-07-2016,8821.55
22-07-2016,8725.30
21-07-2016,8680.85
20-07-2016,8727.10
19-07-2016,8684.35
18-07-2016,8662.55
15-07-2016,8700.10
14-07-2016,8716.70
13-07-2016,8671.70
12-07-2016,8678.65
11-07-2016,8622.20
08-07-2016,8476.05
07-07-2016,8485.60
05-07-2016,8485.50
04-07-2016,8516.60
01-07-2016,8469.85
30-06-2016,8416.20
29-06-2016,8326.70
28-06-2016,8248.45
27-06-2016,8210.25
24-06-2016,8192.85
23-06-2016,8366.35
22-06-2016,8307.45
21-06-2016,8321.15
20-06-2016,8334.30
17-06-2016,8268.90
16-06-2016,8243.65
15-06-2016,8301.45
14-06-2016,8208.70
13-06-2016,8207.45
10-06-2016,8267.45
09-06-2016,8302.90
08-06-2016,8366.25
07-06-2016,8354.20
06-06-2016,8292.45
03-06-2016,8316.40
02-06-2016,8314.40
01-06-2016,8272.60
31-05-2016,8254.80
30-05-2016,8276.10
27-05-2016,8251.90
26-05-2016,8159.05
25-05-2016,8029.85
24-05-2016,7857.00
23-05-2016,7844.60
20-05-2016,7863.35
19-05-2016,7900.20
18-05-2016,7989.05
17-05-2016,8006.50
16-05-2016,7979.95
13-05-2016,7941.50
12-05-2016,8026.40
11-05-2016,7969.55
10-05-2016,8001.95
09-05-2016,7982.80
06-05-2016,7859.45
05-05-2016,7854.75
04-05-2016,7828.15
03-05-2016,7882.25
02-05-2016,7945.25
29-04-2016,7963.65
28-04-2016,7956.20
27-04-2016,8084.75
26-04-2016,8066.25
25-04-2016,7966.40
22-04-2016,8012.15
21-04-2016,8021.25
20-04-2016,8023.95
18-04-2016,8022.30
13-04-2016,7954.60
12-04-2016,7819.40
11-04-2016,7778.60
08-04-2016,7668.40
07-04-2016,7655.10
06-04-2016,7718.45
05-04-2016,7701.70
04-04-2016,7853.10
01-04-2016,7810.70
31-03-2016,7832.15
30-03-2016,7822.90
29-03-2016,7686.05
28-03-2016,7701.90
23-03-2016,7806.30
22-03-2016,7803.10
21-03-2016,7789.25
18-03-2016,7686.60
17-03-2016,7601.75
16-03-2016,7580.40
15-03-2016,7552.85
14-03-2016,7631.00
11-03-2016,7603.10
10-03-2016,7579.05
09-03-2016,7622.90
08-03-2016,7580.35
04-03-2016,7578.55
03-03-2016,7560.20
02-03-2016,7460.85
01-03-2016,7320.80
29-02-2016,7083.95
26-02-2016,7117.30
25-02-2016,7058.85
24-02-2016,7105.30
23-02-2016,7197.45
22-02-2016,7317.10
19-02-2016,7288.50
18-02-2016,7271.60
17-02-2016,7194.40
16-02-2016,7138.80
15-02-2016,7266.20
12-02-2016,7073.00
11-02-2016,7068.85
10-02-2016,7309.55
09-02-2016,7395.75
08-02-2016,7497.85
05-02-2016,7587.70
04-02-2016,7487.75
03-02-2016,7452.05
02-02-2016,7547.75
01-02-2016,7657.70
29-01-2016,7659.65
28-01-2016,7518.95
27-01-2016,7535.15
25-01-2016,7533.00
22-01-2016,7520.20
21-01-2016,7370.15
20-01-2016,7412.75
19-01-2016,7542.65
18-01-2016,7455.80
15-01-2016,7562.10
14-01-2016,7679.50
13-01-2016,7712.45
12-01-2016,7672.70
11-01-2016,7726.00
08-01-2016,7772.55
07-01-2016,7731.65
06-01-2016,7918.75
05-01-2016,7959.85
04-01-2016,7957.90
01-01-2016,8118.15
31-12-2015,8090.90
30-12-2015,8039.80
29-12-2015,8071.75
28-12-2015,8064.30
24-12-2015,8005.55
23-12-2015,8008.65
22-12-2015,7934.05
21-12-2015,7978.90
18-12-2015,7908.50
17-12-2015,7978.10
16-12-2015,7879.55
15-12-2015,7832.00
14-12-2015,7780.15
11-12-2015,7740.15
10-12-2015,7812.55
09-12-2015,7742.25
08-12-2015,7842.00
07-12-2015,7908.65
04-12-2015,7921.80
03-12-2015,8002.30
02-12-2015,8069.05
01-12-2015,8087.50
30-11-2015,8057.20
27-11-2015,8067.90
26-11-2015,8014.25
24-11-2015,7968.60
23-11-2015,7981.55
20-11-2015,7984.85
19-11-2015,7963.90
18-11-2015,7855.25
17-11-2015,7951.25
16-11-2015,7917.45
13-11-2015,7886.90
11-11-2015,7956.40
10-11-2015,7907.65
09-11-2015,8044.45
06-11-2015,8069.60
05-11-2015,8075.15
04-11-2015,8164.90
03-11-2015,8181.35
02-11-2015,8165.45
30-10-2015,8175.85
29-10-2015,8215.60
28-10-2015,8273.75
27-10-2015,8329.90
26-10-2015,8349.60
23-10-2015,8384.85
21-10-2015,8354.50
20-10-2015,8369.45
19-10-2015,8380.35
16-10-2015,8340.10
15-10-2015,8287.60
14-10-2015,8223.85
13-10-2015,8242.85
12-10-2015,8255.60
09-10-2015,8295.15
08-10-2015,8244.60
07-10-2015,8301.90
06-10-2015,8280.80
05-10-2015,8248.80
01-10-2015,8079.25
30-09-2015,8068.00
29-09-2015,7953.25
28-09-2015,7910.85
24-09-2015,7982.95
23-09-2015,7963.55
22-09-2015,7937.55
21-09-2015,8096.00
18-09-2015,8098.30
16-09-2015,8017.45
15-09-2015,7968.05
14-09-2015,8016.25
11-09-2015,7925.30
10-09-2015,7924.10
09-09-2015,7943.40
08-09-2015,7806.95
07-09-2015,7692.10
04-09-2015,7804.70
03-09-2015,7973.40
02-09-2015,7869.40
01-09-2015,7938.95
31-08-2015,8119.55
28-08-2015,8153.55
27-08-2015,8102.20
26-08-2015,7932.90
25-08-2015,8018.90
24-08-2015,7929.35
21-08-2015,8462.40
20-08-2015,8535.10
19-08-2015,8657.70
18-08-2015,8632.10
17-08-2015,8634.50
14-08-2015,8661.95
13-08-2015,8493.95
12-08-2015,8493.25
11-08-2015,8623.70
10-08-2015,8686.25
07-08-2015,8719.10
06-08-2015,8744.50
05-08-2015,8720.65
04-08-2015,8664.40
03-08-2015,8666.05
31-07-2015,8645.85
30-07-2015,8535.25
29-07-2015,8485.50
28-07-2015,8446.75
27-07-2015,8470.65
24-07-2015,8624.65
23-07-2015,8692.95
22-07-2015,8729.25
21-07-2015,8626.15
20-07-2015,8711.10
17-07-2015,8716.00
16-07-2015,8706.70
15-07-2015,8618.05
14-07-2015,8558.55
13-07-2015,8560.45
10-07-2015,8460.20
09-07-2015,8433.70
08-07-2015,8465.00
07-07-2015,8606.15
06-07-2015,8609.70
03-07-2015,8568.95
02-07-2015,8536.25
01-07-2015,8528.85
30-06-2015,8440.95
29-06-2015,8382.65
26-06-2015,8450.95
25-06-2015,8467.25
24-06-2015,8428.60
23-06-2015,8453.40
22-06-2015,8427.45
19-06-2015,8298.70
18-06-2015,8248.65
17-06-2015,8172.20
16-06-2015,8114.50
15-06-2015,8078.25
12-06-2015,8049.95
11-06-2015,8032.35
10-06-2015,8187.15
09-06-2015,8087.65
08-06-2015,8109.00
05-06-2015,8186.25
04-06-2015,8196.55
03-06-2015,8197.90
02-06-2015,8300.85
01-06-2015,8495.55
29-05-2015,8499.85
28-05-2015,8383.45
27-05-2015,8406.50
26-05-2015,8419.60
25-05-2015,8447.60
22-05-2015,8523.15
21-05-2015,8489.50
20-05-2015,8495.90
19-05-2015,8445.25
18-05-2015,8452.55
15-05-2015,8342.25
14-05-2015,8305.20
13-05-2015,8298.50
12-05-2015,8179.20
11-05-2015,8372.05
08-05-2015,8230.05
07-05-2015,8089.35
06-05-2015,8156.75
05-05-2015,8393.55
04-05-2015,8389.90
30-04-2015,8239.55
29-04-2015,8287.40
28-04-2015,8323.45
27-04-2015,8241.30
24-04-2015,8342.90
23-04-2015,8441.10
22-04-2015,8463.60
21-04-2015,8418.70
20-04-2015,8487.00
17-04-2015,8647.95
16-04-2015,8753.90
15-04-2015,8799.85
13-04-2015,8882.30
10-04-2015,8825.90
09-04-2015,8815.00
08-04-2015,8759.00
07-04-2015,8702.75
06-04-2015,8688.40
01-04-2015,8613.35
31-03-2015,8519.50
30-03-2015,8518.35
27-03-2015,8370.10
26-03-2015,8370.90
25-03-2015,8546.30
24-03-2015,8556.00
23-03-2015,8567.45
20-03-2015,8596.30
19-03-2015,8671.30
18-03-2015,8719.75
17-03-2015,8748.10
16-03-2015,8651.10
13-03-2015,8673.90
12-03-2015,8802.80
11-03-2015,8713.80
10-03-2015,8727.60
09-03-2015,8763.30
05-03-2015,8933.60
04-03-2015,8913.00
03-03-2015,8991.40
02-03-2015,8948.50
28-02-2015,8884.50
27-02-2015,8836.35
26-02-2015,8670.95
25-02-2015,8756.00
24-02-2015,8754.20
23-02-2015,8749.15
20-02-2015,8826.35
19-02-2015,8874.85
18-02-2015,8854.30
16-02-2015,8796.35
13-02-2015,8800.20
12-02-2015,8714.75
11-02-2015,8623.85
10-02-2015,8547.70
09-02-2015,8500.40
06-02-2015,8637.75
05-02-2015,8688.45
04-02-2015,8713.95
03-02-2015,8751.30
02-02-2015,8798.20
30-01-2015,8794.95
29-01-2015,8924.30
28-01-2015,8893.30
27-01-2015,8881.00
23-01-2015,8811.65
22-01-2015,8734.60
21-01-2015,8705.00
20-01-2015,8673.10
19-01-2015,8548.30
16-01-2015,8512.00
15-01-2015,8486.20
14-01-2015,8286.45
13-01-2015,8305.30
12-01-2015,8327.05
09-01-2015,8288.95
08-01-2015,8248.80
07-01-2015,8112.35
06-01-2015,8133.90
05-01-2015,8383.35
02-01-2015,8399.90
01-01-2015,8295.55
31-12-2014,8290.45
30-12-2014,8251.10
29-12-2014,8237.65
26-12-2014,8188.45
24-12-2014,8159.65
23-12-2014,8240.35
22-12-2014,8298.90
19-12-2014,8203.95
18-12-2014,8145.80
17-12-2014,7995.85
16-12-2014,8031.05
15-12-2014,8193.85
12-12-2014,8202.65
11-12-2014,8276.45
10-12-2014,8340.50
09-12-2014,8313.75
08-12-2014,8417.85
05-12-2014,8517.15
04-12-2014,8548.50
03-12-2014,8522.75
02-12-2014,8493.85
01-12-2014,8513.00
28-11-2014,8540.60
27-11-2014,8448.15
26-11-2014,8425.90
25-11-2014,8415.75
24-11-2014,8491.80
21-11-2014,8443.00
20-11-2014,8379.25
19-11-2014,8358.20
18-11-2014,8405.40
17-11-2014,8395.75
14-11-2014,8351.90
13-11-2014,8318.10
12-11-2014,8344.05
11-11-2014,8312.95
10-11-2014,8289.95
07-11-2014,8281.75
05-11-2014,8274.50
03-11-2014,8265.85
31-10-2014,8256.85
30-10-2014,8108.00
29-10-2014,8032.80
28-10-2014,7973.15
27-10-2014,7939.20
23-10-2014,7964.80
22-10-2014,7942.95
21-10-2014,7872.65
20-10-2014,7822.30
17-10-2014,7719.85
16-10-2014,7678.50
14-10-2014,7808.95
13-10-2014,7822.40
10-10-2014,7796.15
09-10-2014,7902.45
08-10-2014,7780.55
07-10-2014,7789.30
01-10-2014,7884.25
30-09-2014,7905.70
29-09-2014,7900.60
26-09-2014,7902.15
25-09-2014,7835.75
24-09-2014,7931.85
23-09-2014,7949.65
22-09-2014,8083.80
19-09-2014,8062.80
18-09-2014,8065.70
17-09-2014,7923.50
16-09-2014,7879.80
15-09-2014,8008.90
12-09-2014,8066.50
11-09-2014,8047.30
10-09-2014,8048.55
09-09-2014,8110.45
08-09-2014,8122.40
05-09-2014,8034.05
04-09-2014,8041.10
03-09-2014,8058.75
02-09-2014,8023.25
01-09-2014,7968.05
28-08-2014,7880.40
27-08-2014,7868.30
26-08-2014,7839.80
25-08-2014,7841.80
22-08-2014,7860.90
21-08-2014,7840.35
20-08-2014,7818.90
19-08-2014,7835.15
18-08-2014,7802.90
14-08-2014,7715.05
13-08-2014,7658.85
12-08-2014,7657.45
11-08-2014,7563.25
08-08-2014,7504.10
07-08-2014,7592.50
06-08-2014,7614.15
05-08-2014,7682.95
04-08-2014,7624.85
01-08-2014,7542.45
31-07-2014,7650.35
30-07-2014,7711.30
28-07-2014,7665.90
25-07-2014,7701.90
24-07-2014,7751.95
23-07-2014,7720.75
22-07-2014,7701.80
21-07-2014,7625.60
18-07-2014,7608.70
17-07-2014,7593.95
16-07-2014,7568.05
15-07-2014,7473.95
14-07-2014,7388.35
11-07-2014,7385.80
10-07-2014,7510.25
09-07-2014,7517.85
08-07-2014,7564.00
07-07-2014,7750.55
04-07-2014,7720.30
03-07-2014,7686.35
02-07-2014,7699.05
01-07-2014,7599.30
30-06-2014,7571.00
27-06-2014,7461.65
26-06-2014,7443.95
25-06-2014,7513.50
24-06-2014,7523.40
23-06-2014,7435.75
20-06-2014,7446.80
19-06-2014,7474.75
18-06-2014,7497.75
17-06-2014,7568.10
16-06-2014,7469.30
13-06-2014,7474.40
12-06-2014,7596.45
11-06-2014,7578.00
10-06-2014,7618.90
09-06-2014,7622.80
06-06-2014,7554.80
05-06-2014,7440.30
04-06-2014,7363.50
03-06-2014,7365.85
02-06-2014,7311.35
30-05-2014,7181.30
29-05-2014,7182.90
28-05-2014,7275.20
27-05-2014,7259.80
26-05-2014,7308.75
23-05-2014,7334.90
22-05-2014,7239.25
21-05-2014,7201.95
20-05-2014,7221.00
19-05-2014,7208.25
16-05-2014,7115.40
15-05-2014,7024.05
14-05-2014,7017.15
13-05-2014,6999.45
12-05-2014,6898.70
09-05-2014,6756.10
08-05-2014,6566.50
07-05-2014,6561.95
06-05-2014,6621.20
05-05-2014,6605.35
02-05-2014,6602.00
30-04-2014,6598.55
29-04-2014,6626.80
28-04-2014,6674.90
25-04-2014,6691.60
23-04-2014,6737.20
22-04-2014,6715.85
21-04-2014,6716.10
17-04-2014,6673.65
16-04-2014,6572.80
15-04-2014,6628.75
11-04-2014,6681.85
10-04-2014,6703.45
09-04-2014,6691.90
07-04-2014,6591.10
04-04-2014,6589.95
03-04-2014,6625.05
02-04-2014,6646.35
01-04-2014,6608.15
31-03-2014,6597.05
28-03-2014,6578.30
27-03-2014,6513.30
26-03-2014,6474.45
25-03-2014,6463.60
24-03-2014,6453.65
22-03-2014,6376.20
21-03-2014,6370.00
20-03-2014,6356.25
19-03-2014,6397.80
18-03-2014,6387.25
14-03-2014,6362.30
13-03-2014,6351.45
12-03-2014,6377.50
11-03-2014,6372.70
10-03-2014,6402.00
07-03-2014,6388.10
06-03-2014,6273.85
05-03-2014,6202.50
04-03-2014,6171.60
03-03-2014,6099.05
28-02-2014,6146.30
26-02-2014,6103.65
25-02-2014,6072.30
24-02-2014,6059.10
21-02-2014,6034.00
20-02-2014,5974.00
19-02-2014,6027.55
18-02-2014,6002.50
17-02-2014,5949.50
14-02-2014,5928.35
13-02-2014,5887.45
12-02-2014,5969.55
11-02-2014,5953.25
10-02-2014,5945.25
07-02-2014,5958.25
06-02-2014,5934.35
05-02-2014,5919.20
04-02-2014,5896.35
03-02-2014,5893.50
31-01-2014,5976.00
30-01-2014,5943.00
29-01-2014,5999.20
28-01-2014,5999.10
27-01-2014,6008.45
24-01-2014,6144.55
23-01-2014,6226.05
22-01-2014,6222.65
21-01-2014,6199.85
20-01-2014,6190.65
17-01-2014,6145.35
16-01-2014,6204.55
15-01-2014,6215.35
14-01-2014,6145.65
13-01-2014,6171.25
10-01-2014,6087.75
09-01-2014,6087.75
08-01-2014,6100.90
07-01-2014,6087.95
06-01-2014,6122.00
03-01-2014,6136.85
02-01-2014,6140.25
01-01-2014,6227.55
31-12-2013,6225.45
30-12-2013,6210.75
27-12-2013,6231.35
26-12-2013,6194.45
24-12-2013,6183.40
23-12-2013,6195.30
20-12-2013,6181.50
19-12-2013,6077.95
18-12-2013,6119.80
17-12-2013,6041.40
16-12-2013,6051.95
13-12-2013,6054.10
12-12-2013,6122.65
11-12-2013,6189.15
10-12-2013,6216.05
09-12-2013,6248.35
06-12-2013,6151.55
05-12-2013,6133.65
04-12-2013,6060.30
03-12-2013,6100.90
02-12-2013,6117.55
29-11-2013,6075.95
28-11-2013,5994.30
27-11-2013,5959.70
26-11-2013,5961.25
25-11-2013,6011.20
22-11-2013,5897.55
21-11-2013,5898.00
20-11-2013,6016.95
19-11-2013,6093.45
18-11-2013,6081.90
14-11-2013,5956.25
13-11-2013,5883.55
12-11-2013,5911.65
11-11-2013,5966.55
08-11-2013,6025.15
07-11-2013,6062.25
06-11-2013,6100.15
05-11-2013,6136.25
03-11-2013,6193.80
01-11-2013,6179.70
31-10-2013,6166.70
30-10-2013,6117.90
29-10-2013,6086.90
28-10-2013,5971.85
25-10-2013,6019.20
24-10-2013,6043.30
23-10-2013,6057.25
22-10-2013,6078.30
21-10-2013,6076.50
18-10-2013,6049.30
17-10-2013,5916.45
15-10-2013,5956.90
14-10-2013,5984.80
11-10-2013,5968.95
10-10-2013,5904.90
09-10-2013,5887.25
08-10-2013,5811.65
07-10-2013,5793.55
04-10-2013,5789.55
03-10-2013,5788.00
01-10-2013,5665.10
30-09-2013,5621.65
27-09-2013,5714.50
26-09-2013,5753.75
25-09-2013,5746.35
24-09-2013,5758.20
23-09-2013,5755.35
20-09-2013,5868.55
19-09-2013,5960.00
18-09-2013,5750.30
17-09-2013,5704.55
16-09-2013,5699.10
13-09-2013,5708.60
12-09-2013,5705.45
11-09-2013,5769.35
10-09-2013,5745.60
06-09-2013,5543.35
05-09-2013,5465.45
04-09-2013,5328.05
03-09-2013,5227.70
02-09-2013,5425.90
30-08-2013,5348.40
29-08-2013,5288.30
28-08-2013,5170.90
27-08-2013,5182.50
26-08-2013,5365.45
23-08-2013,5357.35
22-08-2013,5293.45
21-08-2013,5196.70
20-08-2013,5290.15
19-08-2013,5309.10
16-08-2013,5406.50
14-08-2013,5635.45
13-08-2013,5593.35
12-08-2013,5504.40
08-08-2013,5455.55
07-08-2013,5410.85
06-08-2013,5419.05
05-08-2013,5558.20
02-08-2013,5545.85
01-08-2013,5598.45
31-07-2013,5623.80
30-07-2013,5633.75
29-07-2013,5715.40
26-07-2013,5771.50
25-07-2013,5797.15
24-07-2013,5873.00
23-07-2013,5962.85
22-07-2013,5919.55
19-07-2013,5919.40
18-07-2013,5932.95
17-07-2013,5865.15
16-07-2013,5856.20
15-07-2013,5930.80
12-07-2013,5905.00
11-07-2013,5838.00
10-07-2013,5732.40
09-07-2013,5771.85
08-07-2013,5720.75
05-07-2013,5767.80
04-07-2013,5741.15
03-07-2013,5681.50
02-07-2013,5768.30
01-07-2013,5809.00
28-06-2013,5736.30
27-06-2013,5583.95
26-06-2013,5500.15
25-06-2013,5518.55
24-06-2013,5504.05
21-06-2013,5588.65
20-06-2013,5589.15
19-06-2013,5751.35
18-06-2013,5738.05
17-06-2013,5764.70
14-06-2013,5719.65
13-06-2013,5615.60
12-06-2013,5680.25
11-06-2013,5716.70
10-06-2013,5808.05
07-06-2013,5822.20
06-06-2013,5866.60
05-06-2013,5872.05
04-06-2013,5867.00
03-06-2013,5877.85
31-05-2013,5912.60
30-05-2013,6035.55
29-05-2013,6019.85
28-05-2013,6030.65
27-05-2013,6005.95
24-05-2013,5911.65
23-05-2013,5890.85
22-05-2013,6013.15
21-05-2013,6034.35
20-05-2013,6076.70
17-05-2013,6112.35
16-05-2013,6090.85
15-05-2013,6065.05
14-05-2013,5921.60
13-05-2013,5906.15
11-05-2013,6025.15
10-05-2013,6012.40
09-05-2013,5968.00
08-05-2013,5986.75
07-05-2013,5967.20
06-05-2013,5897.45
03-05-2013,5868.80
02-05-2013,5917.35
30-04-2013,5846.20
29-04-2013,5816.40
26-04-2013,5779.45
25-04-2013,5820.55
23-04-2013,5747.80
22-04-2013,5749.60
18-04-2013,5693.60
17-04-2013,5603.75
16-04-2013,5601.25
15-04-2013,5488.55
12-04-2013,5457.30
11-04-2013,5506.90
10-04-2013,5475.15
09-04-2013,5414.10
08-04-2013,5460.75
05-04-2013,5466.65
04-04-2013,5485.00
03-04-2013,5580.60
02-04-2013,5653.30
01-04-2013,5604.95
28-03-2013,5578.90
26-03-2013,5531.25
25-03-2013,5523.40
22-03-2013,5543.10
21-03-2013,5549.55
20-03-2013,5585.25
19-03-2013,5644.90
18-03-2013,5737.05
15-03-2013,5768.70
14-03-2013,5803.15
13-03-2013,5746.65
12-03-2013,5812.80
11-03-2013,5844.35
08-03-2013,5845.85
07-03-2013,5767.60
06-03-2013,5727.05
05-03-2013,5693.90
04-03-2013,5609.90
01-03-2013,5635.05
28-02-2013,5605.05
27-02-2013,5711.95
26-02-2013,5672.35
25-02-2013,5761.35
22-02-2013,5762.35
21-02-2013,5760.90
20-02-2013,5855.30
19-02-2013,5853.85
18-02-2013,5810.95
15-02-2013,5798.10
14-02-2013,5804.05
13-02-2013,5846.50
12-02-2013,5844.05
11-02-2013,5821.00
08-02-2013,5826.25
07-02-2013,5861.90
06-02-2013,5885.80
05-02-2013,5880.05
04-02-2013,5909.65
01-02-2013,5923.45
31-01-2013,5950.95
30-01-2013,5961.45
29-01-2013,5957.75
28-01-2013,5985.40
25-01-2013,5984.00
24-01-2013,5923.70
23-01-2013,5968.40
22-01-2013,5967.50
21-01-2013,6005.10
18-01-2013,5988.00
17-01-2013,5970.65
16-01-2013,5938.40
15-01-2013,5996.85
14-01-2013,5966.90
11-01-2013,5892.70
10-01-2013,5918.85
09-01-2013,5922.85
08-01-2013,5949.90
07-01-2013,5939.25
04-01-2013,5961.25
03-01-2013,5956.55
02-01-2013,5938.20
01-01-2013,5896.90
31-12-2012,5847.50
28-12-2012,5845.70
27-12-2012,5806.85
26-12-2012,5839.75
24-12-2012,5793.20
21-12-2012,5785.30
20-12-2012,5854.80
19-12-2012,5864.80
18-12-2012,5830.95
17-12-2012,5786.20
14-12-2012,5799.55
13-12-2012,5769.50
12-12-2012,5808.15
11-12-2012,5816.45
10-12-2012,5829.15
07-12-2012,5824.45
06-12-2012,5848.65
05-12-2012,5816.30
04-12-2012,5805.25
03-12-2012,5785.65
30-11-2012,5786.15
29-11-2012,5734.55
27-11-2012,5644.35
26-11-2012,5554.25
23-11-2012,5534.80
22-11-2012,5532.20
21-11-2012,5515.70
20-11-2012,5475.65
19-11-2012,5479.30
16-11-2012,5489.95
15-11-2012,5546.70
13-11-2012,5575.55
12-11-2012,5589.20
09-11-2012,5577.95
08-11-2012,5627.80
07-11-2012,5644.95
06-11-2012,5605.25
05-11-2012,5586.10
02-11-2012,5581.80
01-11-2012,5531.60
31-10-2012,5503.20
30-10-2012,5476.15
29-10-2012,5539.25
26-10-2012,5543.15
25-10-2012,5587.85
23-10-2012,5576.40
22-10-2012,5601.30
19-10-2012,5572.60
18-10-2012,5606.25
17-10-2012,5549.90
16-10-2012,5538.70
15-10-2012,5578.95
12-10-2012,5573.10
11-10-2012,5599.80
10-10-2012,5543.70
09-10-2012,5596.60
08-10-2012,5567.70
05-10-2012,5633.30
04-10-2012,5671.65
03-10-2012,5617.90
01-10-2012,5602.00
28-09-2012,5583.75
27-09-2012,5527.15
26-09-2012,5532.20
25-09-2012,5540.60
24-09-2012,5532.65
21-09-2012,5545.50
20-09-2012,5417.70
18-09-2012,5456.80
17-09-2012,5454.35
14-09-2012,5415.80
13-09-2012,5290.45
12-09-2012,5290.70
11-09-2012,5256.05
10-09-2012,5233.35
08-09-2012,5226.05
07-09-2012,5208.40
06-09-2012,5114.85
05-09-2012,5100.75
04-09-2012,5145.65
03-09-2012,5121.05
31-08-2012,5126.30
30-08-2012,5173.75
29-08-2012,5149.45
28-08-2012,5191.25
27-08-2012,5210.55
24-08-2012,5248.85
23-08-2012,5274.90
22-08-2012,5275.55
21-08-2012,5286.20
17-08-2012,5238.70
16-08-2012,5237.20
14-08-2012,5253.75
13-08-2012,5224.35
10-08-2012,5191.85
09-08-2012,5196.00
08-08-2012,5211.25
07-08-2012,5214.45
06-08-2012,5166.25
03-08-2012,5106.20
02-08-2012,5119.45
01-08-2012,5125.80
31-07-2012,5112.25
30-07-2012,5084.15
27-07-2012,4986.20
26-07-2012,4941.30
25-07-2012,5009.00
24-07-2012,5029.15
23-07-2012,5016.30
20-07-2012,5099.70
19-07-2012,5131.10
18-07-2012,5107.60
17-07-2012,5088.40
16-07-2012,5096.05
13-07-2012,5122.90
12-07-2012,5132.60
11-07-2012,5196.00
10-07-2012,5231.25
09-07-2012,5165.20
06-07-2012,5208.75
05-07-2012,5222.05
04-07-2012,5196.85
03-07-2012,5180.90
02-07-2012,5163.70
29-06-2012,5159.15
28-06-2012,5034.95
27-06-2012,5027.15
26-06-2012,5006.75
25-06-2012,4995.75
22-06-2012,5024.35
21-06-2012,5041.50
20-06-2012,4996.75
19-06-2012,4975.75
18-06-2012,4940.70
15-06-2012,5014.00
14-06-2012,4937.35
13-06-2012,5003.45
12-06-2012,4997.35
11-06-2012,4939.35
08-06-2012,4956.10
07-06-2012,4937.40
06-06-2012,4887.20
05-06-2012,4760.90
04-06-2012,4746.95
01-06-2012,4745.40
31-05-2012,4823.45
30-05-2012,4841.20
29-05-2012,4883.40
28-05-2012,4881.05
25-05-2012,4816.85
24-05-2012,4813.30
23-05-2012,4736.45
22-05-2012,4762.90
21-05-2012,4807.75
18-05-2012,4789.65
17-05-2012,4773.45
16-05-2012,4763.45
15-05-2012,4846.30
14-05-2012,4814.40
11-05-2012,4835.05
10-05-2012,4872.55
09-05-2012,4878.65
08-05-2012,4910.95
07-05-2012,5019.40
04-05-2012,4988.05
03-05-2012,5082.60
02-05-2012,5135.05
30-04-2012,5143.35
28-04-2012,5104.60
27-04-2012,5086.10
26-04-2012,5088.35
25-04-2012,5104.25
24-04-2012,5123.70
23-04-2012,5109.30
20-04-2012,5197.00
19-04-2012,5236.00
18-04-2012,5211.70
17-04-2012,5204.50
16-04-2012,5145.05
13-04-2012,5124.95
12-04-2012,5187.45
11-04-2012,5141.15
10-04-2012,5160.65
09-04-2012,5152.05
04-04-2012,5238.65
03-04-2012,5269.55
02-04-2012,5225.30
30-03-2012,5200.15
29-03-2012,5081.25
28-03-2012,5089.15
27-03-2012,5138.10
26-03-2012,5084.10
23-03-2012,5173.70
22-03-2012,5124.50
21-03-2012,5260.05
20-03-2012,5168.15
19-03-2012,5146.30
16-03-2012,5208.60
15-03-2012,5270.80
14-03-2012,5356.30
13-03-2012,5319.55
12-03-2012,5254.55
09-03-2012,5224.70
07-03-2012,5110.35
06-03-2012,5116.70
05-03-2012,5170.35
03-03-2012,5247.15
02-03-2012,5246.80
01-03-2012,5229.95
29-02-2012,5273.10
28-02-2012,5261.55
27-02-2012,5155.10
24-02-2012,5300.90
23-02-2012,5351.75
22-02-2012,5371.05
21-02-2012,5491.65
17-02-2012,5451.95
16-02-2012,5413.65
15-02-2012,5414.15
14-02-2012,5299.35
13-02-2012,5272.30
10-02-2012,5263.70
09-02-2012,5286.85
08-02-2012,5241.70
07-02-2012,5204.20
06-02-2012,5237.50
03-02-2012,5191.90
02-02-2012,5142.60
01-02-2012,5108.25
31-01-2012,5069.70
30-01-2012,4959.75
27-01-2012,5074.10
25-01-2012,5031.05
24-01-2012,4994.25
23-01-2012,4911.15
20-01-2012,4913.65
19-01-2012,4883.00
18-01-2012,4819.40
17-01-2012,4834.45
16-01-2012,4747.60
13-01-2012,4738.15
12-01-2012,4703.85
11-01-2012,4721.60
10-01-2012,4704.20
09-01-2012,4598.55
07-01-2012,4599.25
06-01-2012,4602.50
05-01-2012,4602.90
04-01-2012,4601.15
03-01-2012,4612.05
02-01-2012,4485.90
30-12-2011,4477.35
29-12-2011,4495.50
28-12-2011,4547.10
27-12-2011,4590.55
26-12-2011,4619.90
23-12-2011,4562.00
22-12-2011,4584.40
21-12-2011,4543.15
20-12-2011,4408.40
19-12-2011,4481.55
16-12-2011,4527.95
15-12-2011,4619.50
14-12-2011,4634.50
13-12-2011,4671.20
12-12-2011,4642.90
09-12-2011,4742.50
08-12-2011,4814.30
07-12-2011,4925.15
05-12-2011,4907.10
02-12-2011,4914.75
01-12-2011,4802.25
30-11-2011,4709.25
29-11-2011,4691.20
28-11-2011,4739.10
25-11-2011,4608.30
24-11-2011,4644.40
23-11-2011,4592.55
22-11-2011,4694.40
21-11-2011,4664.85
18-11-2011,4784.35
17-11-2011,4811.80
16-11-2011,4902.20
15-11-2011,4937.30
14-11-2011,5027.00
11-11-2011,5049.80
09-11-2011,5102.45
08-11-2011,5170.10
04-11-2011,5169.15
03-11-2011,5145.75
02-11-2011,5133.85
01-11-2011,5132.65
31-10-2011,5193.40
28-10-2011,5217.50
26-10-2011,5068.30
25-10-2011,5054.25
24-10-2011,4974.40
21-10-2011,4936.40
20-10-2011,4978.95
19-10-2011,5024.90
18-10-2011,4934.05
17-10-2011,5010.40
14-10-2011,5021.25
13-10-2011,4976.35
12-10-2011,4992.10
11-10-2011,4875.80
10-10-2011,4874.35
07-10-2011,4789.95
05-10-2011,4665.75
04-10-2011,4688.05
03-10-2011,4766.10
30-09-2011,4860.10
29-09-2011,4927.05
28-09-2011,4867.45
27-09-2011,4892.35
26-09-2011,4765.60
23-09-2011,4804.20
22-09-2011,4855.85
21-09-2011,5056.05
20-09-2011,5054.00
19-09-2011,4956.70
16-09-2011,5004.05
15-09-2011,4995.40
14-09-2011,4931.10
13-09-2011,4867.20
12-09-2011,4873.35
09-09-2011,4986.35
08-09-2011,5074.55
07-09-2011,5050.80
06-09-2011,4986.45
05-09-2011,4947.60
02-09-2011,4963.35
30-08-2011,4921.15
29-08-2011,4844.80
26-08-2011,4681.40
25-08-2011,4774.55
24-08-2011,4825.10
23-08-2011,4881.75
22-08-2011,4835.30
19-08-2011,4783.50
18-08-2011,4870.55
17-08-2011,4980.75
16-08-2011,4969.65
12-08-2011,5009.20
11-08-2011,5070.25
10-08-2011,5093.15
09-08-2011,5003.90
08-08-2011,5052.50
05-08-2011,5138.95
04-08-2011,5250.75
03-08-2011,5313.95
02-08-2011,5361.00
01-08-2011,5417.55
29-07-2011,5391.25
28-07-2011,5412.95
27-07-2011,5470.50
26-07-2011,5493.10
25-07-2011,5588.60
22-07-2011,5546.05
21-07-2011,5458.95
20-07-2011,5489.10
19-07-2011,5540.60
18-07-2011,5502.35
15-07-2011,5511.85
14-07-2011,5527.20
13-07-2011,5506.60
12-07-2011,5447.85
11-07-2011,5531.45
08-07-2011,5574.40
07-07-2011,5645.70
06-07-2011,5550.30
05-07-2011,5554.25
04-07-2011,5571.00
01-07-2011,5541.60
30-06-2011,5553.50
29-06-2011,5512.15
28-06-2011,5465.05
27-06-2011,5451.30
24-06-2011,5389.35
23-06-2011,5246.65
22-06-2011,5210.90
21-06-2011,5215.15
20-06-2011,5202.80
17-06-2011,5307.95
16-06-2011,5339.15
15-06-2011,5389.10
14-06-2011,5441.30
13-06-2011,5423.15
10-06-2011,5424.50
09-06-2011,5458.60
08-06-2011,5465.80
07-06-2011,5490.85
06-06-2011,5464.30
03-06-2011,5452.35
02-06-2011,5485.95
01-06-2011,5529.45
31-05-2011,5499.05
30-05-2011,5411.05
27-05-2011,5406.05
26-05-2011,5343.00
25-05-2011,5287.60
24-05-2011,5325.65
23-05-2011,5311.25
20-05-2011,5402.45
19-05-2011,5349.80
18-05-2011,5347.35
17-05-2011,5372.45
16-05-2011,5424.55
13-05-2011,5465.45
12-05-2011,5407.35
11-05-2011,5476.35
10-05-2011,5451.45
09-05-2011,5460.55
06-05-2011,5455.40
05-05-2011,5362.35
04-05-2011,5436.25
03-05-2011,5466.35
02-05-2011,5597.90
29-04-2011,5649.25
28-04-2011,5690.55
27-04-2011,5736.65
26-04-2011,5761.80
25-04-2011,5767.85
21-04-2011,5773.10
20-04-2011,5751.60
19-04-2011,5650.70
18-04-2011,5640.05
15-04-2011,5729.40
13-04-2011,5802.45
11-04-2011,5684.10
08-04-2011,5739.10
07-04-2011,5788.45
06-04-2011,5787.55
05-04-2011,5801.75
04-04-2011,5790.40
01-04-2011,5711.65
31-03-2011,5711.70
30-03-2011,5672.95
29-03-2011,5615.65
28-03-2011,5570.75
25-03-2011,5536.80
24-03-2011,5417.00
23-03-2011,5376.45
22-03-2011,5315.40
21-03-2011,5268.30
18-03-2011,5278.70
17-03-2011,5347.15
16-03-2011,5402.40
15-03-2011,5340.35
14-03-2011,5421.85
11-03-2011,5344.20
10-03-2011,5392.35
09-03-2011,5426.00
08-03-2011,5413.45
07-03-2011,5358.40
04-03-2011,5430.55
03-03-2011,5428.05
01-03-2011,5416.50
28-02-2011,5232.30
25-02-2011,5204.40
24-02-2011,5165.30
23-02-2011,5337.10
22-02-2011,5369.55
21-02-2011,5419.35
18-02-2011,5364.15
17-02-2011,5452.00
16-02-2011,5388.10
15-02-2011,5386.60
14-02-2011,5361.15
11-02-2011,5209.70
10-02-2011,5123.75
09-02-2011,5144.00
08-02-2011,5215.35
07-02-2011,5302.80
04-02-2011,5305.65
03-02-2011,5425.40
02-02-2011,5336.80
01-02-2011,5324.15
31-01-2011,5411.55
28-01-2011,5412.05
27-01-2011,5509.00
25-01-2011,5598.25
24-01-2011,5652.40
21-01-2011,5607.40
20-01-2011,5615.95
19-01-2011,5596.90
18-01-2011,5618.85
17-01-2011,5557.80
14-01-2011,5564.10
13-01-2011,5657.80
12-01-2011,5753.35
11-01-2011,5648.90
10-01-2011,5656.90
07-01-2011,5798.50
06-01-2011,5935.65
05-01-2011,5976.40
04-01-2011,6042.55
03-01-2011,6056.20
31-12-2010,6034.75
30-12-2010,5996.70
29-12-2010,5956.65
28-12-2010,5895.35
27-12-2010,5898.00
24-12-2010,5913.70
23-12-2010,5889.75
22-12-2010,5899.45
21-12-2010,5913.10
20-12-2010,5858.80
16-12-2010,5862.05
15-12-2010,5812.75
14-12-2010,5869.80
13-12-2010,5826.15
10-12-2010,5768.60
09-12-2010,5682.20
08-12-2010,5827.55
07-12-2010,5904.90
06-12-2010,5930.00
03-12-2010,5937.75
02-12-2010,5967.60
01-12-2010,5921.90
30-11-2010,5817.30
29-11-2010,5768.50
26-11-2010,5687.40
25-11-2010,5748.95
24-11-2010,5832.75
23-11-2010,5908.40
22-11-2010,5980.60
19-11-2010,5865.95
18-11-2010,5974.15
16-11-2010,5962.00
15-11-2010,6090.60
12-11-2010,6043.05
11-11-2010,6168.00
10-11-2010,6251.60
09-11-2010,6275.40
08-11-2010,6245.80
05-11-2010,6280.45
04-11-2010,6251.40
03-11-2010,6142.75
02-11-2010,6104.85
01-11-2010,6095.95
29-10-2010,5999.35
28-10-2010,5975.00
27-10-2010,6001.15
26-10-2010,6061.90
25-10-2010,6083.15
22-10-2010,6051.25
21-10-2010,6079.35
20-10-2010,5961.85
19-10-2010,6000.50
18-10-2010,6041.90
15-10-2010,6030.70
14-10-2010,6143.60
13-10-2010,6191.85
12-10-2010,6063.25
11-10-2010,6111.25
08-10-2010,6073.25
07-10-2010,6091.85
06-10-2010,6151.50
05-10-2010,6106.25
04-10-2010,6114.45
01-10-2010,6089.60
30-09-2010,5975.25
29-09-2010,5952.80
28-09-2010,5987.35
27-09-2010,5990.95
24-09-2010,5973.90
23-09-2010,5917.40
22-09-2010,5944.90
21-09-2010,5962.60
20-09-2010,5943.00
17-09-2010,5855.00
16-09-2010,5794.00
15-09-2010,5831.70
14-09-2010,5773.15
13-09-2010,5745.75
09-09-2010,5629.70
08-09-2010,5597.95
07-09-2010,5594.85
06-09-2010,5573.00
03-09-2010,5479.60
02-09-2010,5482.15
01-09-2010,5466.00
31-08-2010,5394.05
30-08-2010,5407.25
27-08-2010,5401.40
26-08-2010,5468.15
25-08-2010,5453.95
24-08-2010,5499.75
23-08-2010,5537.95
20-08-2010,5524.25
19-08-2010,5532.70
18-08-2010,5473.55
17-08-2010,5411.65
16-08-2010,5411.85
13-08-2010,5442.00
12-08-2010,5402.80
11-08-2010,5401.00
10-08-2010,5441.70
09-08-2010,5465.45
06-08-2010,5416.20
05-08-2010,5425.00
04-08-2010,5443.90
03-08-2010,5421.10
02-08-2010,5410.75
30-07-2010,5347.20
29-07-2010,5384.75
28-07-2010,5373.55
27-07-2010,5398.45
26-07-2010,5386.75
23-07-2010,5416.10
22-07-2010,5414.65
21-07-2010,5376.20
20-07-2010,5345.60
19-07-2010,5364.60
16-07-2010,5366.90
15-07-2010,5349.20
14-07-2010,5355.15
13-07-2010,5368.35
12-07-2010,5349.70
09-07-2010,5322.15
08-07-2010,5272.20
07-07-2010,5219.30
06-07-2010,5262.35
05-07-2010,5212.35
02-07-2010,5213.90
01-07-2010,5228.15
30-06-2010,5281.55
29-06-2010,5230.90
28-06-2010,5301.45
25-06-2010,5236.00
24-06-2010,5281.95
23-06-2010,5282.50
22-06-2010,5272.20
21-06-2010,5307.55
18-06-2010,5218.45
17-06-2010,5233.45
16-06-2010,5197.30
15-06-2010,5185.55
14-06-2010,5160.55
11-06-2010,5091.10
10-06-2010,5058.40
09-06-2010,4982.50
08-06-2010,4963.45
07-06-2010,5008.35
04-06-2010,5105.10
03-06-2010,5082.40
02-06-2010,4994.30
01-06-2010,4945.50
31-05-2010,5056.60
28-05-2010,5029.45
27-05-2010,4959.80
26-05-2010,4880.50
25-05-2010,4775.10
24-05-2010,4913.45
21-05-2010,4903.50
20-05-2010,4926.15
19-05-2010,4901.10
18-05-2010,5044.50
17-05-2010,5040.70
14-05-2010,5068.15
13-05-2010,5150.15
12-05-2010,5120.55
11-05-2010,5094.50
10-05-2010,5151.40
07-05-2010,4985.75
06-05-2010,5067.65
05-05-2010,5100.60
04-05-2010,5111.05
03-05-2010,5188.45
30-04-2010,5235.80
29-04-2010,5203.45
28-04-2010,5166.20
27-04-2010,5252.85
26-04-2010,5267.55
23-04-2010,5250.20
22-04-2010,5220.45
21-04-2010,5198.20
20-04-2010,5179.30
19-04-2010,5148.05
16-04-2010,5206.15
15-04-2010,5218.25
13-04-2010,5262.85
12-04-2010,5276.70
09-04-2010,5300.90
08-04-2010,5252.50
07-04-2010,5314.25
06-04-2010,5304.10
05-04-2010,5304.45
01-04-2010,5226.70
31-03-2010,5188.05
30-03-2010,5197.85
29-03-2010,5229.55
26-03-2010,5209.00
25-03-2010,5181.90
23-03-2010,5151.00
22-03-2010,5131.40
19-03-2010,5186.55
18-03-2010,5168.95
17-03-2010,5155.90
16-03-2010,5125.20
15-03-2010,5063.00
12-03-2010,5074.60
11-03-2010,5071.30
10-03-2010,5060.70
09-03-2010,5052.10
08-03-2010,5078.80
05-03-2010,5046.60
04-03-2010,5035.00
03-03-2010,5033.40
02-03-2010,4959.25
26-02-2010,4864.80
25-02-2010,4798.85
24-02-2010,4799.35
23-02-2010,4808.20
22-02-2010,4798.45
19-02-2010,4794.00
18-02-2010,4838.45
17-02-2010,4866.45
16-02-2010,4809.90
15-02-2010,4759.25
11-02-2010,4782.65
10-02-2010,4719.30
09-02-2010,4750.40
08-02-2010,4720.65
06-02-2010,4717.20
05-02-2010,4674.85
04-02-2010,4797.85
03-02-2010,4884.60
02-02-2010,4783.85
01-02-2010,4850.05
29-01-2010,4822.65
28-01-2010,4804.15
27-01-2010,4784.40
25-01-2010,4941.15
22-01-2010,4978.60
21-01-2010,5033.30
20-01-2010,5159.80
19-01-2010,5163.65
18-01-2010,5212.35
15-01-2010,5189.60
14-01-2010,5198.10
13-01-2010,5169.10
12-01-2010,5145.10
11-01-2010,5186.00
08-01-2010,5175.75
07-01-2010,5191.70
06-01-2010,5214.00
05-01-2010,5203.80
04-01-2010,5153.55
31-12-2009,5118.05
30-12-2009,5089.70
29-12-2009,5103.00
24-12-2009,5097.35
23-12-2009,5063.45
22-12-2009,4919.75
21-12-2009,4884.55
18-12-2009,4916.80
17-12-2009,4967.05
16-12-2009,4961.45
15-12-2009,4951.50
14-12-2009,5024.65
11-12-2009,5036.20
10-12-2009,5054.20
09-12-2009,5032.15
08-12-2009,5069.95
07-12-2009,4988.40
04-12-2009,5033.15
03-12-2009,5051.95
02-12-2009,5039.15
01-12-2009,5033.90
30-11-2009,4943.60
27-11-2009,4854.80
26-11-2009,4917.25
25-11-2009,5010.70
24-11-2009,4996.25
23-11-2009,5003.40
20-11-2009,4959.15
19-11-2009,4901.90
18-11-2009,4968.25
17-11-2009,4974.60
16-11-2009,4969.40
13-11-2009,4911.55
12-11-2009,4867.15
11-11-2009,4924.10
10-11-2009,4806.45
09-11-2009,4822.30
06-11-2009,4717.80
05-11-2009,4679.70
04-11-2009,4618.40
03-11-2009,4473.85
30-10-2009,4617.15
29-10-2009,4647.55
28-10-2009,4725.30
27-10-2009,4741.75
26-10-2009,4869.15
23-10-2009,4898.55
22-10-2009,4885.30
21-10-2009,4959.70
20-10-2009,5015.30
17-10-2009,5038.95
16-10-2009,5038.30
15-10-2009,5002.55
14-10-2009,5001.95
12-10-2009,4933.15
09-10-2009,4828.45
08-10-2009,4878.75
07-10-2009,4859.55
06-10-2009,4886.95
05-10-2009,4861.90
01-10-2009,4943.00
30-09-2009,4941.10
29-09-2009,4869.10
25-09-2009,4825.80
24-09-2009,4845.05
23-09-2009,4827.80
22-09-2009,4877.65
18-09-2009,4838.15
17-09-2009,4821.75
16-09-2009,4812.80
15-09-2009,4749.90
14-09-2009,4662.75
11-09-2009,4674.95
10-09-2009,4670.60
09-09-2009,4666.65
08-09-2009,4658.05
07-09-2009,4642.05
04-09-2009,4540.00
03-09-2009,4460.30
02-09-2009,4470.90
01-09-2009,4489.40
31-08-2009,4527.90
28-08-2009,4586.85
27-08-2009,4544.35
26-08-2009,4540.25
25-08-2009,4516.25
24-08-2009,4502.00
21-08-2009,4393.85
20-08-2009,4326.35
19-08-2009,4271.95
18-08-2009,4338.40
17-08-2009,4265.05
14-08-2009,4451.60
13-08-2009,4476.15
12-08-2009,4329.85
11-08-2009,4341.95
10-08-2009,4309.35
07-08-2009,4353.35
06-08-2009,4455.55
05-08-2009,4563.85
04-08-2009,4547.55
03-08-2009,4576.85
31-07-2009,4501.30
30-07-2009,4438.60
29-07-2009,4381.30
28-07-2009,4433.40
27-07-2009,4434.75
24-07-2009,4425.75
23-07-2009,4380.00
22-07-2009,4264.60
21-07-2009,4334.20
20-07-2009,4362.55
17-07-2009,4236.95
16-07-2009,4103.00
15-07-2009,4107.85
14-07-2009,3983.75
13-07-2009,3840.75
10-07-2009,3878.65
09-07-2009,3956.85
08-07-2009,3952.35
07-07-2009,4073.00
06-07-2009,4036.60
03-07-2009,4287.95
02-07-2009,4213.75
01-07-2009,4207.60
30-06-2009,4162.25
29-06-2009,4268.10
26-06-2009,4245.95
25-06-2009,4120.85
24-06-2009,4162.80
23-06-2009,4109.80
22-06-2009,4101.60
19-06-2009,4171.25
18-06-2009,4109.65
17-06-2009,4208.35
16-06-2009,4370.60
15-06-2009,4325.00
12-06-2009,4412.95
11-06-2009,4463.95
10-06-2009,4480.35
09-06-2009,4382.70
08-06-2009,4254.45
05-06-2009,4416.75
04-06-2009,4402.65
03-06-2009,4355.40
02-06-2009,4342.85
01-06-2009,4352.65
29-05-2009,4265.85
28-05-2009,4163.15
27-05-2009,4113.60
26-05-2009,3958.70
25-05-2009,4078.60
22-05-2009,4065.00
21-05-2009,4037.45
20-05-2009,4085.55
19-05-2009,4102.50
18-05-2009,4087.30
15-05-2009,3485.00
14-05-2009,3413.90
13-05-2009,3440.70
12-05-2009,3477.30
11-05-2009,3363.75
08-05-2009,3423.55
07-05-2009,3480.60
06-05-2009,3422.80
05-05-2009,3463.65
04-05-2009,3449.45
29-04-2009,3283.80
28-04-2009,3180.25
27-04-2009,3285.70
24-04-2009,3298.35
23-04-2009,3242.00
22-04-2009,3154.70
21-04-2009,3186.90
20-04-2009,3200.15
17-04-2009,3196.80
16-04-2009,3175.55
15-04-2009,3289.15
13-04-2009,3187.95
09-04-2009,3143.20
08-04-2009,3135.70
06-04-2009,3058.55
02-04-2009,3009.30
01-04-2009,2870.10
31-03-2009,2833.55
30-03-2009,2791.05
27-03-2009,2909.65
26-03-2009,2878.65
25-03-2009,2791.05
24-03-2009,2745.10
23-03-2009,2749.40
20-03-2009,2627.65
19-03-2009,2630.30
18-03-2009,2617.90
17-03-2009,2581.25
16-03-2009,2599.05
13-03-2009,2541.85
12-03-2009,2445.15
09-03-2009,2405.00
06-03-2009,2451.30
05-03-2009,2414.95
04-03-2009,2479.95
03-03-2009,2461.50
02-03-2009,2509.30
27-02-2009,2593.05
26-02-2009,2609.40
25-02-2009,2590.30
24-02-2009,2563.45
20-02-2009,2570.90
19-02-2009,2620.25
18-02-2009,2607.70
17-02-2009,2604.55
16-02-2009,2677.95
13-02-2009,2771.45
12-02-2009,2719.85
11-02-2009,2749.75
10-02-2009,2757.85
09-02-2009,2744.00
06-02-2009,2671.20
05-02-2009,2612.15
04-02-2009,2632.80
03-02-2009,2616.35
02-02-2009,2606.10
30-01-2009,2704.80
29-01-2009,2656.00
28-01-2009,2677.45
27-01-2009,2605.30
23-01-2009,2524.15
22-01-2009,2565.55
21-01-2009,2563.10
20-01-2009,2645.60
19-01-2009,2689.55
16-01-2009,2673.65
15-01-2009,2594.10
14-01-2009,2686.25
13-01-2009,2600.05
12-01-2009,2629.85
09-01-2009,2718.25
07-01-2009,2768.30
06-01-2009,2959.50
05-01-2009,2965.15
02-01-2009,2890.70
01-01-2009,2871.40
